birth_year,gender,x102,x103,x104,x108,x109,x113,x114,x118,x119,x130,x140,x210,x258,x323
31,1,1,1,1,1,8,1,1,2,23,14,1,22,1,67
60,2,1,1,1,2,8,5,1,2,1,14,2,4,1,40
58,1,1,1,1,3,5,2,1,4,1,10,2,8,1,22
34,1,1,1,1,1,1,1,1,2,23,7,1,36,1,34
51,1,1,1,1,1,1,2,1,2,23,12,3,15,1,47
60,2,1,1,1,2,6,2,3,3,23,12,1,6,1,34
61,2,1,1,1,2,6,2,1,3,23,9,2,7,1,36
53,1,1,1,1,2,7,3,3,2,23,12,2,12,1,39
29,1,1,1,1,1,1,2,1,2,23,6,3,30,1,36
26,2,1,1,1,2,1,2,1,2,23,7,3,9,NA,74
58,2,1,1,1,2,5,3,3,3,23,12,3,7,1,35
28,1,1,1,1,2,1,2,1,2,23,6,1,38,1,41
32,1,1,1,1,1,1,1,1,2,23,7,1,33,1,37
48,1,1,1,1,2,1,2,1,2,23,12,1,19,1,47
64,2,1,1,1,6,4,5,2,3,23,12,3,0,1,30
57,2,1,1,1,2,1,3,4,2,23,11,3,9,1,38
39,1,1,1,2,2,1,2,1,2,23,8,1,24,3,45
42,2,1,1,1,2,1,2,1,2,23,14,1,18,1,44
34,2,1,1,1,2,4,2,1,2,25,12,1,6,1,34
31,1,1,2,1,2,1,2,1,2,25,9,1,36,1,39
50,1,1,2,1,2,8,2,1,2,25,16,1,11,1,57
49,2,1,1,1,2,6,2,1,2,25,10,1,14,1,45
51,1,1,1,1,2,8,2,1,3,25,11,1,14,1,48
47,2,1,1,1,2,6,2,1,3,25,10,1,20,1,56
61,1,1,1,1,2,6,5,3,3,25,9,2,5,1,35
61,1,1,1,2,6,5,6,3,4,25,12,3,3,1,36
44,2,1,1,1,6,4,2,4,4,25,16,1,22,1,64
47,1,1,1,1,2,6,2,2,3,25,19,1,13,1,44
54,2,3,1,1,2,9,6,4,3,25,17,3,6,1,44
48,2,1,1,1,2,4,2,3,3,25,8,1,21,1,36
48,1,1,1,1,2,6,2,1,3,25,7,1,20,1,64
31,1,1,1,2,2,6,2,4,3,25,10,2,33,1,59
44,2,1,1,1,2,1,2,3,3,25,12,2,20,1,45
45,1,1,1,6,4,5,3,1,3,25,15,1,14,1,53
54,2,1,1,1,6,5,2,2,3,25,15,1,10,1,39
48,1,1,2,1,2,7,2,1,3,25,10,3,15,1,49
55,2,1,1,1,8,2,2,2,3,25,11,1,8,1,38
35,1,4,2,1,2,1,2,1,1,25,8,2,24,1,43
50,1,1,1,1,2,6,5,3,3,25,14,1,12,1,72
30,2,1,1,1,2,7,2,1,3,25,10,3,35,1,39
52,2,1,2,1,2,1,2,1,2,25,13,1,11,1,58
45,1,1,2,1,1,1,2,1,2,25,11,1,15,1,43
50,2,1,1,1,2,6,2,2,3,25,13,1,14,1,52
33,2,1,2,1,8,0,2,4,2,25,7,1,23,1,43
30,1,1,1,7,2,6,2,1,3,25,7,1,37,1,37
30,2,1,2,1,2,1,2,1,2,25,8,1,10,1,35
28,1,1,1,1,2,2,2,2,2,25,7,1,43,1,50
58,2,1,1,1,6,4,6,4,3,25,15,3,3,NA,41
31,1,1,1,1,4,2,6,4,3,25,18,1,26,1,138
55,2,1,1,1,6,5,4,1,3,24,20,1,11,1,58
49,1,1,1,1,2,5,2,3,3,24,9,1,19,1,38
36,2,1,1,1,2,7,2,1,3,24,16,1,19,1,46
26,1,1,1,1,2,1,2,1,2,24,13,1,41,1,47
34,1,1,1,1,1,1,5,1,2,24,12,1,27,2,67
35,2,1,1,1,1,1,1,1,2,24,14,1,28,1,59
25,1,1,1,1,1,6,2,1,2,24,12,1,42,1,59
47,2,1,1,1,1,7,1,4,3,24,11,1,16,1,34
43,1,1,1,1,1,1,1,1,2,24,12,1,20,1,55
33,2,1,1,1,2,8,2,4,2,24,9,1,31,1,48
56,1,1,1,1,2,7,2,1,2,24,10,2,12,1,62
49,1,1,1,1,1,5,4,1,3,24,16,1,13,1,45
50,2,1,1,1,2,1,2,1,2,24,11,1,9,1,24
37,1,1,1,1,6,2,4,1,3,24,15,1,22,1,129
21,2,1,1,1,1,1,1,1,2,24,8,3,10,1,21
49,1,1,1,1,1,2,1,2,2,24,15,1,17,1,62
30,2,1,1,1,2,2,2,1,2,24,12,1,22,1,44
30,1,1,1,1,1,2,1,1,2,24,10,1,27,1,56
21,2,1,1,1,1,1,1,1,2,24,9,3,30,NA,35
64,2,1,1,1,2,6,3,4,4,24,11,3,3,1,50
41,2,1,1,1,1,7,1,3,2,24,7,3,26,1,37
27,2,1,1,1,3,6,3,1,3,24,9,1,20,1,47
56,2,1,1,1,2,6,2,1,3,24,14,1,6,1,38
45,2,1,1,1,2,1,2,1,2,24,18,1,14,1,52
39,1,1,1,1,2,1,2,1,2,24,10,1,25,1,63
41,2,1,1,1,1,8,1,1,2,24,7,1,25,1,41
31,2,5,2,6,2,1,2,1,2,25,7,1,36,1,58
36,1,1,1,1,1,1,1,1,2,25,11,2,21,1,41
35,1,1,1,1,2,1,2,1,2,17,7,3,33,1,38
49,2,1,1,1,2,4,2,1,4,17,11,1,13,1,47
45,1,1,1,1,4,4,5,1,4,17,17,1,19,1,73
47,2,1,1,1,2,6,2,2,2,17,13,3,11,NA,36
37,1,1,1,1,2,1,2,1,2,17,9,1,28,1,47
32,2,1,1,1,2,1,2,1,2,17,7,1,17,1,23
29,1,1,1,1,2,6,2,1,3,17,14,1,31,1,61
38,2,1,1,1,2,6,2,3,2,17,11,1,21,1,43
40,2,4,2,2,2,9,3,3,1,17,12,1,3,NA,30
20,1,1,1,3,2,1,2,1,2,17,6,1,48,1,50
41,1,1,1,1,2,7,2,4,4,17,9,1,27,1,37
40,2,1,1,1,2,1,2,1,2,17,7,1,10,1,40
37,1,1,1,1,2,4,2,1,4,17,7,1,31,1,45
52,1,1,1,3,2,4,6,4,4,17,17,2,9,1,48
53,2,1,1,1,1,7,2,3,2,17,14,2,8,1,40
51,1,1,1,1,2,2,2,2,2,17,16,1,7,1,65
54,2,1,1,1,2,4,2,4,4,17,9,1,10,1,39
52,1,1,1,1,2,8,2,1,5,17,10,1,15,1,43
29,1,1,1,1,2,2,2,1,2,17,7,1,38,1,36
48,1,1,1,1,5,5,2,1,3,17,14,1,15,1,55
55,2,1,1,1,4,5,4,1,2,17,16,1,4,1,40
53,1,1,1,1,2,6,2,1,2,17,11,1,12,1,44
53,2,2,1,1,2,6,4,2,4,17,9,1,14,1,42
48,1,1,1,1,3,4,2,2,2,17,15,1,13,1,47
63,1,1,1,1,6,5,6,4,4,17,13,3,5,NA,27
37,1,1,1,1,2,5,2,2,2,17,10,1,33,1,58
37,2,1,1,2,2,0,3,4,2,17,15,1,21,1,65
61,2,1,1,1,1,6,2,1,3,17,12,2,4,1,39
60,1,1,1,1,8,6,2,1,3,17,12,2,8,2,27
65,2,1,1,1,2,6,2,3,2,17,12,3,3,NA,35
33,1,1,1,1,2,1,2,1,2,17,7,1,34,2,36
34,2,1,1,1,2,1,2,1,2,17,7,1,22,1,38
47,2,1,1,1,2,6,2,2,2,17,8,1,9,1,49
45,1,1,1,1,2,7,2,3,3,17,7,1,22,1,17
32,1,4,1,1,2,8,2,1,1,17,8,1,37,1,60
39,2,4,2,1,2,5,2,1,1,17,10,1,8,1,28
56,1,2,1,1,2,8,2,1,3,17,11,2,10,1,34
57,2,1,1,1,2,6,4,2,2,17,11,3,8,1,32
59,2,1,1,1,2,6,2,4,3,17,13,3,4,1,42
57,2,1,1,3,2,8,2,2,3,17,13,1,10,1,42
53,1,1,1,1,2,8,2,2,4,17,9,1,15,1,38
29,2,1,1,1,2,1,2,1,2,17,13,1,35,1,65
46,1,1,1,1,5,6,2,2,2,17,14,1,16,1,53
51,2,1,1,1,3,5,1,1,3,17,12,1,14,1,42
29,1,1,1,1,3,2,2,1,2,17,7,3,38,NA,37
51,2,4,1,6,2,7,2,3,3,17,10,1,16,1,30
49,1,1,1,1,2,6,2,1,3,17,8,1,18,1,33
43,2,1,1,1,2,6,2,3,3,17,11,2,19,1,35
35,1,1,1,1,2,2,2,1,3,17,16,1,29,1,50
56,2,1,1,1,2,3,2,2,3,17,12,1,5,1,33
49,1,1,1,1,2,1,2,2,2,17,12,1,14,1,35
44,2,1,1,1,2,1,2,2,2,17,12,3,10,1,35
49,1,1,1,1,2,7,2,4,2,17,10,1,16,NA,40
53,2,1,1,1,2,2,2,1,2,17,9,1,12,1,25
27,2,1,1,1,1,2,4,1,2,17,7,2,24,1,36
24,1,1,1,1,2,1,2,1,2,17,9,2,41,1,35
65,1,1,1,1,2,8,2,1,2,17,12,3,1,NA,30
33,2,1,1,1,4,1,2,1,2,17,7,1,18,1,35
53,2,1,1,1,5,5,4,2,3,17,9,1,6,1,30
53,1,1,1,1,2,1,2,1,2,17,12,1,11,1,46
46,1,1,1,1,2,7,2,1,5,17,18,3,12,1,43
45,1,1,1,1,6,2,5,1,4,17,20,1,NA,1,66
39,2,1,1,1,2,6,2,1,2,17,9,1,20,1,43
22,1,1,1,1,2,7,2,1,2,17,7,1,46,NA,35
31,1,1,1,1,1,1,1,1,2,17,8,1,39,1,38
63,2,1,1,1,2,6,2,1,2,17,9,3,5,1,32
35,1,1,1,1,2,2,2,1,2,17,8,1,33,1,33
43,2,1,1,1,2,8,2,1,2,17,7,1,13,1,58
37,1,1,1,4,1,1,1,1,2,17,7,1,30,1,41
38,2,1,1,6,1,2,1,1,2,17,7,1,NA,1,38
63,2,1,1,1,2,8,4,2,2,17,11,3,2,1,32
40,1,1,1,1,1,8,3,2,2,17,7,3,27,1,39
62,2,1,1,6,8,8,8,2,2,17,9,2,6,1,35
21,1,1,1,1,2,4,2,1,3,20,6,1,48,1,105
28,2,1,1,1,2,1,4,1,2,20,7,1,37,1,42
28,1,1,1,1,2,6,2,2,3,20,11,1,35,1,41
33,1,1,1,1,2,6,2,1,2,20,13,3,33,1,50
36,2,1,1,1,2,4,2,1,3,20,10,1,4,1,30
48,1,1,1,1,2,6,2,2,3,20,10,1,17,1,44
52,2,1,1,1,2,2,2,1,2,20,11,1,14,1,38
33,2,1,1,1,2,6,2,1,3,25,7,1,17,1,28
37,1,1,1,1,2,6,2,3,2,20,10,3,29,1,42
24,1,1,1,1,1,1,2,1,3,20,12,1,40,1,56
58,1,1,1,1,3,4,5,2,5,20,12,2,6,1,29
59,2,1,1,2,8,0,3,4,4,20,11,2,8,1,48
42,1,1,1,1,4,6,2,1,3,20,15,1,24,1,54
35,2,4,2,1,2,6,2,1,1,20,11,1,25,1,35
41,1,1,1,1,2,4,2,4,4,20,12,1,26,1,74
41,2,1,1,1,1,1,1,1,4,17,12,1,20,1,61
43,1,1,1,1,3,7,2,1,3,17,14,1,20,1,58
38,1,1,1,1,2,7,1,4,4,17,10,1,30,1,47
39,2,1,1,1,4,1,4,1,2,17,11,1,24,1,45
38,1,1,1,1,4,1,4,1,2,17,15,1,22,1,83
25,2,1,1,1,1,1,1,1,2,17,7,1,43,1,33
25,1,1,1,1,1,2,1,1,4,17,8,1,43,1,43
26,2,1,1,1,2,1,1,1,2,17,8,3,24,1,36
30,2,1,1,1,1,1,1,1,2,17,6,1,31,1,49
26,1,1,1,1,2,1,2,1,2,17,13,1,33,1,59
56,2,1,1,1,5,4,4,2,4,20,12,1,5,1,37
55,1,1,1,1,2,5,3,3,4,20,11,1,10,1,56
65,1,1,1,1,6,5,4,3,5,20,11,3,1,1,35
29,1,1,1,1,2,1,2,1,2,20,12,1,34,1,56
30,2,1,1,1,5,2,2,1,3,20,10,1,20,1,41
54,2,1,1,1,5,2,2,2,4,17,12,3,12,1,41
24,1,1,1,1,2,5,2,1,4,17,8,1,43,1,56
23,2,1,1,1,1,7,1,1,3,17,7,1,43,1,41
59,1,1,1,1,2,1,2,2,2,17,11,1,6,1,33
59,2,1,1,1,3,7,2,2,3,17,13,1,6,1,39
53,2,1,1,1,3,7,2,1,2,17,12,1,12,1,37
49,1,1,1,1,3,7,2,2,3,17,17,1,11,1,53
54,2,1,1,1,2,8,2,1,4,17,13,1,8,1,29
51,1,1,1,1,3,2,2,2,4,17,9,1,17,1,48
57,1,1,1,1,2,8,2,3,2,17,13,1,8,1,21
56,2,1,1,1,3,5,5,3,4,17,11,1,10,1,38
57,1,1,1,1,2,4,2,1,4,17,13,2,10,1,35
53,2,1,1,1,2,8,2,1,3,17,12,2,13,1,41
45,2,1,1,1,2,1,2,1,2,17,8,2,12,1,40
48,1,1,1,1,2,6,2,3,3,17,13,2,15,1,41
40,1,1,1,1,2,6,2,1,2,3,7,1,27,1,37
48,2,1,1,1,4,6,2,4,4,3,12,1,20,1,49
47,1,1,1,1,2,6,2,3,5,3,15,1,20,1,60
51,1,1,1,1,3,5,2,1,4,3,14,1,17,NA,52
54,2,1,1,1,6,8,6,4,3,3,14,1,7,1,28
47,2,1,1,1,2,7,3,2,4,3,14,1,14,1,35
41,1,1,1,1,3,7,2,4,4,3,10,1,28,1,37
27,1,1,1,1,2,1,2,1,2,3,6,1,44,1,41
37,1,1,1,6,2,1,2,1,2,3,15,1,25,1,69
65,2,1,1,1,5,5,6,4,4,3,12,3,1,1,30
35,1,1,1,1,2,7,2,1,5,3,13,1,32,1,65
41,2,1,1,1,3,1,2,1,2,3,14,1,20,1,46
37,1,4,2,1,8,1,8,1,1,3,10,3,31,1,43
37,2,1,1,1,2,1,2,1,2,3,8,3,21,1,40
44,1,1,1,1,2,4,2,2,3,3,12,1,16,2,119
30,2,1,1,1,1,1,1,1,2,3,6,1,27,1,36
58,1,1,1,1,2,1,2,1,2,3,8,3,9,1,38
22,2,1,1,1,5,1,4,1,2,3,15,3,40,1,47
47,1,1,1,1,3,1,3,1,2,3,8,1,21,1,47
52,2,4,2,1,1,1,1,1,1,3,8,1,11,NA,35
49,1,1,1,1,2,7,2,2,3,3,19,1,7,1,49
52,2,1,1,1,3,7,6,2,3,3,16,1,10,1,55
45,2,4,2,3,7,5,1,4,1,3,8,1,4,1,48
48,1,1,1,1,6,5,4,1,4,3,16,1,12,1,74
46,2,1,1,1,2,8,3,1,3,3,9,1,21,1,42
21,2,1,1,7,2,1,2,1,2,3,6,1,10,1,37
47,1,4,1,1,6,5,6,2,1,3,25,1,12,1,81
50,2,4,1,1,3,4,5,2,1,3,13,1,5,NA,41
29,1,3,1,1,6,4,3,1,5,3,14,3,34,2,56
42,1,1,1,1,5,7,2,1,2,3,10,1,26,1,46
43,2,1,1,1,2,5,2,2,4,3,10,1,23,1,60
30,2,1,1,1,3,1,2,1,2,3,7,1,38,1,128
56,2,1,1,6,2,6,2,4,4,3,13,3,8,1,43
49,2,1,1,1,2,6,2,1,3,3,19,1,10,1,87
44,1,1,1,1,4,5,4,1,2,3,19,1,13,1,50
45,1,1,1,1,4,1,4,1,2,3,17,2,14,1,45
44,2,1,1,1,2,1,2,1,2,3,9,2,15,1,19
64,1,1,1,1,2,5,2,3,4,3,11,3,3,1,44
33,1,1,1,1,3,1,2,1,2,3,7,1,35,1,44
38,2,1,1,1,2,1,2,1,2,3,7,1,8,1,33
54,2,1,1,1,2,2,4,2,3,3,15,1,7,1,36
54,1,4,1,1,5,4,4,4,3,3,17,1,6,1,70
55,2,1,1,1,2,1,2,1,2,3,13,1,2,1,33
51,2,1,1,1,6,3,4,1,5,3,18,2,8,1,33
54,1,1,1,1,4,4,6,3,3,3,17,2,5,1,53
39,2,1,1,1,2,6,2,4,4,3,16,1,18,1,52
62,2,1,1,3,8,0,3,1,4,3,10,2,2,NA,20
23,1,1,1,1,2,1,2,1,2,3,7,1,42,1,53
26,2,1,1,4,2,7,4,5,2,3,8,1,21,1,42
51,2,1,1,3,2,6,2,1,3,3,9,2,16,1,41
46,1,1,1,2,3,6,4,3,3,3,8,2,21,1,44
48,2,1,1,1,4,5,2,1,4,3,15,1,10,1,34
56,1,1,1,1,2,5,2,2,5,3,11,1,7,1,70
58,1,1,1,1,5,5,5,1,3,1,12,2,6,1,45
62,2,1,1,1,4,4,4,3,2,1,11,2,4,1,36
65,2,2,1,1,5,3,2,2,3,3,12,3,0,NA,20
29,1,1,1,1,1,7,1,1,4,3,12,1,39,1,66
28,2,4,2,1,2,7,2,1,1,3,9,1,31,1,31
44,1,1,1,1,2,6,2,1,2,3,13,1,23,1,70
45,2,1,1,1,6,5,2,1,4,3,13,1,10,1,30
61,2,1,1,1,2,1,2,1,2,3,10,3,7,1,52
50,1,1,1,1,2,7,2,3,4,3,17,2,11,1,78
50,2,1,1,1,2,7,2,3,4,3,17,2,7,1,31
55,2,1,1,1,2,1,2,3,2,3,14,3,9,1,45
40,1,1,1,1,2,6,2,1,3,4,7,3,29,1,35
43,1,1,1,1,2,6,2,1,3,4,8,1,25,1,49
47,2,1,1,1,2,1,2,1,2,4,10,1,6,1,29
50,1,1,1,1,2,6,2,2,5,4,13,1,13,1,36
44,2,1,1,1,6,5,2,2,3,4,9,1,24,1,37
49,1,1,1,1,2,5,2,1,3,4,8,1,20,1,48
50,2,1,1,1,5,5,4,1,2,4,8,1,19,1,27
57,2,1,1,1,2,2,2,2,3,4,13,2,8,1,31
30,1,1,1,1,6,3,3,2,3,4,18,1,33,1,55
28,2,1,1,1,2,5,6,4,3,4,17,1,33,1,54
38,2,1,1,1,2,6,2,4,3,4,9,1,19,1,34
29,1,1,1,1,2,1,2,1,2,4,11,2,29,2,19
38,1,1,1,1,3,7,2,1,2,4,7,1,24,1,34
39,2,1,1,1,2,4,2,1,2,4,12,1,15,NA,40
41,2,1,1,1,2,2,2,1,2,4,7,2,17,1,87
22,1,1,1,1,1,1,1,1,2,4,7,1,44,1,61
25,2,1,1,1,1,6,2,1,2,4,6,1,30,NA,35
52,2,1,1,1,2,6,2,3,3,4,8,1,10,1,50
49,1,1,1,1,2,1,2,4,2,4,7,1,18,1,59
34,1,4,2,1,1,1,1,1,1,4,7,1,34,1,41
40,2,4,2,1,1,8,1,1,1,4,7,1,8,1,41
35,1,1,1,1,2,6,2,1,4,3,15,1,21,1,47
40,1,1,1,1,5,5,3,4,3,3,19,1,23,3,200
46,2,1,1,1,2,6,2,2,3,3,12,1,12,1,69
52,2,1,1,1,2,1,2,1,2,3,11,2,12,1,38
51,1,1,1,1,2,2,2,1,3,3,14,2,17,NA,58
49,1,1,1,1,2,6,2,3,4,3,17,2,10,2,44
53,2,1,1,7,3,7,2,4,2,3,15,2,11,1,41
57,1,1,1,1,2,5,2,3,2,3,13,2,8,1,41
61,1,4,2,1,3,8,4,2,1,3,11,2,4,1,41
42,1,1,1,1,2,5,2,1,3,3,14,3,25,1,151
63,1,1,1,6,2,2,8,5,5,3,9,3,5,1,32
27,2,1,1,2,2,1,1,1,2,3,8,1,30,1,33
45,1,1,1,1,2,7,2,4,3,3,8,1,23,1,44
59,2,4,1,1,5,2,4,4,3,3,12,3,6,1,40
19,1,1,1,1,1,1,1,2,2,3,7,3,49,1,33
31,2,1,1,2,2,4,4,3,5,3,17,1,18,1,43
42,2,1,1,1,1,6,1,3,2,3,9,1,18,1,40
32,1,1,1,1,4,4,2,1,3,3,9,1,35,1,53
35,1,1,1,1,2,1,2,1,2,3,7,1,32,2,43
60,2,1,1,1,2,8,2,4,3,3,11,2,6,1,36
59,1,1,1,1,2,6,2,3,3,3,11,2,6,1,64
37,1,1,1,1,2,6,2,2,2,3,7,1,29,1,38
44,2,1,1,2,4,3,2,3,5,3,12,1,18,1,37
22,1,1,1,1,3,2,2,1,4,3,13,1,46,1,96
41,2,4,2,1,2,2,2,1,1,3,12,1,20,1,42
34,1,1,1,1,1,1,2,1,2,3,13,1,29,1,63
62,2,1,1,1,2,7,2,2,3,3,11,3,4,1,31
62,2,1,1,7,2,0,2,5,3,3,11,2,1,1,34
61,1,1,1,1,2,4,2,3,4,3,9,2,7,1,50
33,1,1,1,1,5,2,4,1,5,3,16,1,30,1,63
59,2,1,1,1,6,3,6,4,4,3,10,1,7,1,45
55,1,1,1,3,1,1,2,1,2,3,11,1,11,1,52
63,2,4,1,3,8,2,3,2,2,3,12,3,5,1,23
24,2,1,1,1,2,6,3,1,3,3,8,1,12,1,44
36,1,1,1,1,2,6,2,1,3,3,7,3,30,1,41
45,2,1,1,1,2,1,2,1,2,3,14,3,16,1,40
44,1,4,2,2,2,1,2,2,1,3,9,3,23,1,36
42,1,1,1,1,2,8,2,1,2,3,7,1,25,1,34
56,1,1,1,1,3,4,2,3,4,3,15,2,6,2,38
58,2,1,1,1,2,1,2,1,3,3,15,2,5,1,37
64,1,2,1,2,2,6,2,4,3,3,10,3,4,1,31
25,1,1,1,1,2,4,2,1,4,4,11,1,36,1,142
28,2,1,1,1,2,5,2,1,4,4,9,1,23,1,46
42,2,1,1,1,6,2,4,4,5,4,11,1,18,1,37
42,1,1,1,1,5,4,2,1,5,4,23,1,15,1,93
56,2,1,1,1,6,5,5,2,3,4,16,1,8,1,40
55,1,1,1,1,6,5,6,4,3,4,12,1,9,1,39
52,2,1,1,1,2,1,2,2,2,4,15,1,9,1,45
49,1,1,1,1,5,5,4,1,5,4,17,1,11,1,63
26,2,1,1,1,2,1,2,4,2,4,7,1,22,NA,30
43,1,1,1,1,3,4,2,3,4,4,15,1,22,1,51
44,2,1,1,1,2,1,2,1,2,4,7,1,20,1,36
39,2,1,1,1,2,6,2,1,3,4,14,1,24,1,55
39,1,1,1,1,2,6,2,2,3,4,11,1,28,1,80
61,1,1,1,3,5,5,3,2,2,4,13,2,7,1,45
64,2,1,1,1,4,5,4,4,3,4,12,2,1,1,39
64,1,1,1,1,4,6,4,2,4,4,11,3,2,1,35
39,2,1,1,1,2,6,2,1,2,4,8,1,15,1,55
40,1,1,1,1,6,5,5,1,5,4,21,1,17,1,156
43,2,1,1,1,5,5,4,1,5,4,17,1,15,1,47
15,1,1,1,2,1,2,1,4,3,4,13,1,49,NA,47
22,2,1,1,2,1,6,1,3,4,4,6,1,20,1,35
45,2,1,1,1,2,6,4,3,2,4,17,1,11,1,54
46,1,1,1,1,4,8,2,2,3,4,14,1,17,1,63
32,1,1,1,2,2,1,2,4,3,4,16,1,35,1,62
33,2,1,1,1,1,1,1,1,2,4,7,1,17,1,44
37,1,1,1,1,4,4,7,3,3,4,10,1,27,1,58
41,2,1,1,1,2,1,2,1,2,4,12,1,14,1,44
21,2,1,1,1,2,1,2,1,2,4,6,1,31,1,42
37,2,1,1,1,6,4,4,3,5,4,12,2,24,2,39
32,1,1,1,1,1,1,2,1,2,4,8,2,44,1,48
37,2,1,1,1,2,2,2,1,4,4,9,1,31,1,39
36,1,1,1,1,3,8,2,3,4,4,13,1,30,1,78
44,2,1,1,1,2,1,2,1,2,4,11,1,21,1,47
34,1,1,1,1,3,2,2,4,4,4,17,1,24,1,71
32,2,1,1,1,6,4,4,1,5,4,14,1,25,1,55
43,1,1,1,4,2,6,2,1,2,4,15,1,24,1,84
43,2,1,1,1,2,2,2,4,3,4,14,1,20,1,47
40,1,1,1,1,3,2,2,2,3,4,13,1,23,1,77
40,2,1,1,2,3,8,2,2,4,4,9,1,19,1,33
21,1,1,1,1,1,6,1,1,3,3,7,1,47,1,49
24,2,1,1,1,8,1,1,1,2,3,6,1,30,1,34
49,1,1,1,1,2,7,2,4,4,3,10,1,12,1,40
56,1,1,1,1,5,5,2,4,4,3,13,3,7,1,47
52,2,4,2,1,1,1,1,4,1,3,4,1,14,1,20
26,1,1,1,1,2,6,2,1,4,3,16,1,39,1,94
24,2,1,1,1,2,1,2,1,2,3,7,1,44,1,39
57,1,4,2,1,2,6,4,4,1,3,10,3,10,1,35
57,1,1,1,1,5,2,4,4,4,3,18,2,3,1,42
32,1,1,1,6,8,4,8,5,2,3,7,2,38,1,42
28,2,1,1,1,2,1,2,1,2,3,7,2,38,1,31
56,1,4,2,1,6,5,1,1,1,3,18,3,6,1,34
64,2,1,1,1,6,5,6,4,3,1,12,3,4,NA,28
35,1,1,1,1,1,2,1,1,3,1,25,1,32,2,97
36,2,1,1,1,3,2,2,1,3,1,14,1,26,1,62
39,1,1,1,1,2,1,2,1,2,1,7,2,29,1,69
55,2,4,2,1,4,4,4,1,1,1,14,1,9,1,44
41,1,1,1,1,2,1,2,1,2,1,13,1,24,1,47
50,1,1,1,4,2,8,3,2,5,1,16,1,14,1,43
50,2,1,1,1,4,5,4,1,5,1,20,1,17,1,448
62,1,1,1,1,2,8,2,4,3,1,12,2,2,1,52
37,1,1,1,1,2,8,2,2,2,1,11,1,31,1,70
39,1,4,1,1,2,5,4,3,1,1,16,1,31,1,59
39,2,4,1,1,2,1,2,1,1,1,11,1,12,1,38
29,1,1,1,1,2,2,2,1,2,1,14,1,34,1,76
56,2,1,1,1,2,5,6,3,5,1,15,2,7,1,43
55,1,4,2,1,6,4,2,2,5,1,14,2,9,1,58
65,2,1,1,1,4,5,2,2,5,1,12,3,3,NA,30
36,1,1,1,1,5,4,4,2,3,1,13,1,31,1,74
38,2,1,1,3,2,4,2,2,5,1,11,1,27,1,42
43,1,1,1,6,2,5,2,3,5,1,10,2,23,1,65
44,2,1,1,2,2,6,2,3,3,1,16,2,21,1,47
50,1,1,1,1,5,4,3,1,5,1,12,3,15,1,55
56,1,4,2,1,2,1,2,1,1,1,13,3,8,1,37
47,2,4,2,1,2,2,2,1,1,1,14,1,15,1,49
48,1,4,1,1,2,4,2,1,1,1,12,1,17,1,38
36,1,1,1,1,2,1,2,1,2,1,8,1,31,1,63
41,2,1,1,1,2,6,5,3,5,1,9,1,25,1,38
26,1,3,1,2,8,2,4,4,2,1,14,1,34,1,66
43,2,1,1,1,2,8,2,2,2,1,9,1,17,NA,35
41,1,1,1,1,2,1,2,3,5,1,10,1,17,1,58
26,1,4,2,1,6,2,3,1,1,1,11,1,40,1,41
44,2,4,2,1,1,8,2,2,1,1,15,1,24,1,88
42,2,2,1,1,1,1,2,1,1,1,10,1,21,1,33
36,1,1,1,1,1,1,2,1,2,1,13,1,30,1,50
40,1,1,1,1,5,4,5,3,4,1,15,1,27,1,60
35,2,1,1,1,3,8,1,1,4,1,8,1,22,1,43
24,1,1,1,1,1,6,1,4,5,1,12,1,40,1,63
28,2,1,1,1,2,2,2,1,3,1,15,1,23,1,67
56,1,1,1,1,2,6,5,3,5,1,9,3,12,1,47
53,2,4,2,1,2,1,2,1,1,1,10,1,12,1,34
25,2,1,1,1,2,4,4,1,3,1,12,2,40,1,32
35,1,1,1,1,3,4,2,1,2,1,14,2,32,1,67
41,1,2,2,1,2,7,2,2,1,1,11,1,27,1,47
43,2,2,2,1,2,6,2,3,1,1,9,1,10,1,41
48,1,1,1,1,2,2,2,2,5,1,13,1,20,2,64
50,2,1,1,1,2,8,2,4,5,1,9,1,16,1,41
61,2,1,1,1,2,8,2,2,3,1,8,2,7,1,42
53,1,1,1,1,2,7,2,2,3,1,11,2,15,1,41
48,2,1,1,1,4,7,3,1,5,1,16,1,15,1,41
32,1,1,1,3,3,6,2,1,5,1,13,1,36,1,117
41,2,1,1,1,2,2,3,2,5,1,12,1,16,1,38
47,2,1,1,1,6,5,4,2,5,1,14,1,14,1,31
51,1,1,1,2,2,4,2,4,5,1,12,1,17,1,37
32,2,1,1,1,2,3,2,1,2,1,10,1,30,3,27
46,1,1,1,1,6,4,2,1,4,1,17,3,13,1,60
25,2,1,1,1,2,6,2,1,2,1,8,1,43,NA,35
44,1,1,1,1,2,5,2,1,5,1,8,1,24,1,65
48,2,3,1,2,8,0,1,4,5,1,9,1,6,1,33
40,1,1,1,1,3,2,3,3,3,1,11,1,NA,1,72
43,2,1,1,2,6,4,1,3,3,1,13,1,20,1,60
64,1,1,1,1,6,2,3,3,3,1,12,3,2,1,22
28,2,1,1,1,1,2,1,1,2,1,15,1,21,1,78
43,1,3,1,2,6,5,5,4,3,1,14,1,18,1,66
65,2,1,1,3,2,2,2,3,3,1,11,3,2,1,28
42,1,1,1,1,5,5,4,1,5,1,14,1,21,1,70
40,1,1,1,1,2,7,4,1,4,1,10,1,26,1,47
42,2,1,1,1,6,5,6,1,2,1,11,1,22,1,43
38,2,1,1,1,2,8,2,1,5,1,10,1,17,1,59
47,1,1,1,1,6,5,4,1,4,1,14,1,15,1,53
48,2,1,1,1,4,7,2,1,4,1,13,1,15,1,41
36,1,1,1,1,2,4,1,1,5,1,12,1,30,1,53
37,2,1,1,1,2,6,2,4,5,1,15,1,16,1,44
38,2,1,1,1,2,2,5,1,3,1,16,3,13,1,72
53,2,4,2,1,2,1,4,3,2,1,11,1,12,1,48
40,1,4,2,1,1,8,4,1,1,1,13,1,26,1,48
45,2,4,2,1,6,4,6,1,1,1,14,1,20,1,74
38,1,1,1,1,2,8,2,1,5,1,9,1,29,1,81
44,2,1,1,1,3,8,2,1,5,1,8,1,9,1,32
39,1,1,1,3,2,4,1,4,5,1,11,2,27,1,68
46,2,1,1,1,2,5,2,1,5,1,9,2,20,1,52
46,1,1,1,1,4,5,2,3,5,1,13,2,20,1,47
43,2,1,1,1,1,2,1,1,2,1,11,2,20,1,44
44,2,1,1,1,2,5,2,1,3,1,10,1,22,1,41
43,1,1,1,1,2,7,2,4,5,1,11,1,25,1,64
62,2,2,2,2,8,6,8,2,5,1,10,2,4,1,33
37,1,1,1,1,2,2,2,1,3,1,14,1,27,2,76
45,2,1,1,1,5,4,2,4,4,1,11,1,22,1,52
49,1,1,1,1,3,4,4,2,5,1,14,1,17,1,54
49,2,1,1,1,5,4,4,1,5,1,11,1,17,1,43
31,1,4,2,1,2,1,2,1,1,1,9,1,33,1,46
32,2,4,2,1,3,1,1,1,1,1,8,1,31,1,37
46,2,1,1,1,2,1,3,1,2,1,10,1,20,1,48
55,1,1,1,1,2,2,2,1,5,1,12,2,12,1,40
53,2,1,1,1,5,5,2,1,3,1,11,2,14,1,32
33,2,1,1,1,4,3,3,3,4,1,16,3,32,1,81
57,1,1,1,1,2,6,2,2,3,1,16,2,2,1,44
32,2,1,1,1,2,6,4,2,3,1,8,1,36,1,38
46,1,1,1,1,2,4,2,2,5,1,14,1,16,1,62
45,2,1,1,1,2,8,2,1,5,1,8,1,16,1,25
51,1,1,1,1,6,5,4,1,3,1,18,1,16,1,64
50,1,1,1,1,6,4,6,2,5,1,28,1,9,1,59
56,1,1,1,1,4,5,4,2,5,1,14,3,13,1,52
60,2,1,1,1,2,8,2,4,5,1,10,2,7,1,41
51,1,1,1,6,2,4,2,4,2,1,13,2,16,1,47
59,2,1,1,1,2,8,2,3,5,1,11,3,6,1,48
25,2,1,1,9,5,4,8,3,3,1,12,3,39,1,44
19,2,1,1,1,3,5,4,1,5,1,12,1,41,1,52
64,2,1,1,2,5,4,5,4,5,1,13,3,4,1,34
42,2,1,1,1,5,4,4,2,5,1,14,3,15,1,38
61,2,4,2,1,2,1,3,1,1,1,12,3,5,1,38
52,1,1,1,1,5,7,2,4,5,1,19,1,10,1,53
64,2,1,1,1,3,4,3,1,5,1,11,2,4,1,29
34,2,1,1,2,8,0,2,4,3,1,8,2,33,1,54
50,1,1,1,3,2,1,4,4,5,1,14,1,18,NA,55
54,2,1,1,1,2,4,2,1,4,1,9,1,6,1,38
49,1,1,1,3,6,5,4,4,5,1,15,1,18,1,51
51,2,1,1,2,3,8,2,3,5,1,9,1,17,1,45
54,1,1,1,1,2,2,4,2,5,1,14,1,8,1,43
60,2,1,1,1,6,2,6,1,2,1,14,3,8,1,38
29,2,1,1,1,4,4,2,1,5,1,11,1,22,1,36
21,1,1,1,1,6,4,4,1,5,1,15,1,29,1,47
18,2,1,1,1,3,2,3,4,5,1,11,1,33,1,42
50,1,1,1,1,5,5,2,2,5,1,13,1,13,1,84
54,2,1,1,1,6,5,5,1,5,1,16,1,10,1,58
29,1,1,1,1,4,5,8,1,4,1,15,1,34,1,76
47,2,1,1,1,2,7,2,1,5,1,15,1,13,1,45
45,1,1,1,1,4,6,4,1,5,1,15,1,17,1,57
39,2,1,1,2,2,4,3,4,5,1,12,1,24,1,64
25,1,1,1,1,2,2,2,1,2,1,9,2,42,1,47
36,2,1,1,1,2,1,2,1,2,1,7,2,25,1,37
64,2,1,1,8,6,2,8,5,3,1,11,2,2,1,26
63,1,1,1,1,5,4,5,3,5,1,12,2,1,1,35
54,1,1,1,1,6,5,6,3,5,1,15,2,11,1,60
54,2,1,1,1,3,8,2,3,5,1,15,2,10,1,45
60,1,4,2,1,1,3,1,1,1,1,13,1,6,1,26
53,1,4,2,1,1,1,1,1,1,1,8,1,19,1,38
49,1,4,2,1,1,1,1,1,1,1,5,1,14,NA,30
43,2,4,2,1,1,1,1,1,1,1,NA,1,4,1,39
50,1,4,2,2,3,8,2,4,1,1,16,2,19,1,58
37,2,1,1,1,1,6,1,3,5,1,10,2,30,1,51
33,1,1,1,1,1,7,1,1,5,1,11,2,34,1,66
47,2,3,2,1,3,7,4,3,1,1,15,2,16,1,38
58,1,4,2,1,1,2,1,1,1,1,10,1,6,1,24
59,2,4,2,1,2,1,1,1,1,1,6,1,3,1,23
61,1,1,1,6,2,2,2,1,5,1,10,3,6,1,37
48,1,4,2,1,3,5,1,3,1,1,15,1,17,1,60
57,2,1,1,1,2,2,3,3,2,1,10,3,10,1,37
35,2,1,1,1,2,4,2,1,5,1,12,1,30,1,49
32,1,1,1,1,2,6,2,4,4,1,10,1,36,NA,58
49,1,1,1,1,2,9,2,2,5,1,12,3,19,1,40
52,2,1,1,1,8,0,2,4,5,1,11,3,13,1,35
60,1,1,1,1,5,4,5,4,5,1,16,3,8,1,44
25,2,1,1,1,2,4,2,1,5,1,10,1,31,1,47
27,2,1,1,1,2,4,1,1,3,1,7,1,14,1,73
63,2,1,1,1,8,3,5,4,4,1,11,3,4,1,33
38,1,4,2,1,1,2,1,1,1,1,12,3,30,1,25
62,1,1,1,1,2,4,4,3,3,1,15,3,4,1,36
56,2,4,1,1,6,5,6,2,1,1,17,2,7,1,43
51,2,3,1,2,4,2,2,4,5,1,9,1,15,1,43
49,1,1,1,1,2,4,2,2,5,1,16,1,13,1,62
57,2,1,1,1,6,2,3,2,5,1,15,2,6,1,45
58,1,1,1,1,6,5,6,4,5,1,14,2,4,1,41
50,1,1,1,1,2,2,2,4,4,1,14,2,16,1,52
21,2,1,1,1,2,2,2,1,4,1,10,1,28,1,44
45,1,1,1,1,2,1,2,1,2,15,7,1,24,1,39
42,2,1,1,1,2,6,2,1,3,15,7,1,13,1,35
37,1,1,1,1,2,1,2,2,2,15,8,1,31,1,41
50,1,4,2,1,2,1,2,1,4,15,12,1,15,1,54
55,2,4,2,1,4,8,5,2,1,15,16,1,4,1,29
54,2,1,1,1,2,1,2,3,2,15,14,1,10,1,41
64,1,1,1,1,2,6,2,3,3,15,9,3,4,1,43
38,1,1,1,1,2,1,2,1,2,15,7,1,31,1,52
41,2,1,1,1,2,1,2,1,2,15,7,1,17,1,35
57,1,1,1,1,6,5,6,2,4,15,12,1,8,1,41
35,2,4,2,6,2,1,2,4,1,15,11,1,33,1,38
37,1,1,1,1,2,8,2,1,3,15,11,1,31,2,57
43,2,3,2,1,8,4,2,1,1,15,7,1,10,1,34
40,1,1,1,1,5,4,2,1,2,15,7,1,29,1,53
34,1,1,1,1,2,6,2,3,3,15,7,1,34,1,35
29,1,1,1,1,2,6,2,4,2,15,6,3,38,1,47
62,2,1,1,1,2,2,3,1,3,15,12,3,3,1,35
54,1,1,1,1,3,6,2,1,4,15,9,1,14,1,41
56,2,1,1,1,3,4,6,3,3,15,11,1,10,1,41
27,1,1,1,1,2,1,2,1,2,15,7,1,41,2,53
27,2,1,1,1,1,1,2,1,2,15,7,1,38,1,26
25,2,1,1,1,2,6,2,1,2,15,6,3,42,NA,30
30,1,1,1,1,2,2,2,1,2,15,14,1,31,1,65
31,2,1,1,1,2,6,2,1,2,15,14,1,20,1,73
53,2,4,2,1,1,1,1,4,1,15,7,1,14,1,16
47,1,1,1,1,2,1,2,1,2,15,7,1,21,3,165
49,2,1,1,1,2,1,2,1,2,15,7,1,18,1,35
50,1,1,1,1,2,7,2,3,3,15,9,1,18,1,47
59,2,1,1,6,2,1,2,1,2,15,12,2,6,1,20
59,1,1,1,1,2,1,4,1,2,15,11,2,6,1,40
33,1,1,1,1,2,1,2,1,2,15,12,1,31,1,52
28,2,1,1,2,3,2,3,4,4,15,14,1,33,1,52
49,2,4,2,1,4,7,5,4,1,15,9,3,12,1,19
47,1,1,1,1,2,5,2,1,2,15,9,1,20,1,36
22,2,1,1,1,2,4,2,1,2,15,6,3,46,1,41
19,2,1,1,1,2,2,2,1,2,15,6,1,35,1,33
48,1,1,1,1,1,8,4,3,4,15,20,1,20,1,81
47,2,1,1,1,5,4,4,3,3,15,20,1,12,1,41
26,2,1,1,1,2,4,2,1,2,15,8,1,25,1,29
19,1,1,1,1,2,6,2,1,5,15,13,1,48,1,62
47,2,1,1,1,2,2,2,4,2,15,12,1,10,1,26
47,1,1,1,2,2,7,2,4,4,15,12,1,17,2,44
55,1,1,1,1,2,7,4,2,5,15,11,1,11,1,30
58,2,1,1,1,2,7,4,2,3,15,10,1,8,5,7
24,2,1,1,1,2,1,2,4,2,15,6,1,28,1,53
35,1,1,1,1,2,1,2,1,2,15,8,1,32,2,43
34,2,1,1,1,2,7,2,2,3,15,15,1,25,1,44
55,2,1,1,1,2,6,2,1,4,15,11,1,11,1,55
53,1,1,1,1,2,1,2,1,3,15,10,1,14,1,52
20,2,1,1,2,8,0,2,4,2,15,6,3,46,1,35
28,1,4,2,1,2,6,2,1,1,15,11,1,40,1,43
33,2,1,1,1,2,6,2,1,3,15,8,1,35,1,57
51,1,1,1,1,2,3,2,4,3,15,7,3,17,2,45
54,2,1,1,1,2,8,2,2,3,15,9,1,14,1,37
56,1,1,1,1,3,2,4,2,2,15,11,1,10,1,45
44,2,1,1,5,2,1,2,1,2,15,10,1,22,2,50
35,2,1,1,1,1,1,1,1,2,15,7,1,20,1,31
45,1,1,1,1,2,2,2,1,2,15,13,1,17,1,47
47,2,1,1,1,2,2,2,3,3,15,13,1,17,1,34
28,1,1,1,1,2,1,2,1,2,15,7,3,39,2,42
44,2,1,1,1,2,2,2,1,2,15,7,1,24,1,37
39,1,1,1,2,1,7,1,3,3,15,8,1,29,NA,35
40,1,1,1,1,2,2,2,4,3,15,10,1,28,1,44
42,2,1,1,1,2,1,4,2,2,15,14,1,18,1,49
40,2,1,1,1,1,1,4,1,2,15,8,1,28,1,47
51,1,1,1,1,2,2,2,3,3,15,12,1,17,1,55
23,2,1,1,1,1,1,1,1,2,15,7,1,29,1,40
30,1,1,1,1,2,1,2,1,2,15,10,3,29,1,70
38,2,1,1,1,1,1,1,1,2,15,14,1,30,3,85
54,2,1,1,1,3,6,2,4,4,15,10,1,11,1,40
48,1,1,1,1,2,6,2,2,3,15,12,1,16,1,74
38,2,1,1,1,1,2,1,1,2,14,12,1,20,1,99
38,1,1,1,1,4,2,1,4,3,14,10,1,30,1,56
30,1,1,1,1,1,8,1,1,4,14,9,1,38,1,44
30,2,1,1,1,8,8,2,2,3,14,10,1,36,1,36
44,2,1,1,1,3,6,1,3,3,15,8,1,20,1,25
39,1,1,1,1,6,5,6,3,2,15,15,1,23,1,53
36,2,1,1,1,1,8,1,1,2,15,7,1,31,1,37
23,1,1,1,1,2,6,2,1,3,15,11,1,40,1,97
63,2,1,1,1,8,2,8,2,3,15,11,2,4,1,33
55,1,1,1,2,1,6,3,4,4,15,13,2,14,1,32
56,2,1,1,1,1,2,4,3,3,15,10,2,8,1,39
52,1,1,1,6,2,2,4,1,2,15,16,2,10,1,46
56,1,1,1,1,4,5,4,4,4,15,13,3,8,1,43
41,1,1,1,1,2,2,2,1,3,15,15,1,20,1,58
43,2,1,1,1,2,8,2,1,2,15,17,1,20,1,59
42,1,1,1,1,4,4,2,1,3,15,10,3,21,1,49
54,2,4,2,1,8,4,1,4,3,15,13,3,13,1,50
32,1,1,1,1,1,1,1,1,2,15,11,1,30,1,52
59,1,1,1,1,2,8,6,4,3,15,11,2,7,1,42
62,2,1,1,1,2,8,4,4,3,15,11,2,4,1,46
45,2,1,1,1,2,6,2,1,4,15,9,1,7,1,32
43,1,1,1,1,2,7,2,2,2,15,7,1,24,1,51
44,1,1,1,1,2,7,2,1,4,15,8,2,23,1,24
45,2,1,1,1,2,8,2,1,3,15,10,2,22,1,52
25,2,1,1,1,2,5,2,3,4,15,10,1,40,1,40
38,1,1,1,1,3,5,2,3,3,15,8,1,29,1,56
45,2,1,1,1,2,1,2,1,2,15,15,1,21,1,48
33,2,1,1,1,2,1,2,1,2,15,9,1,20,1,44
52,2,1,1,1,2,1,2,1,2,15,18,1,9,1,34
45,2,1,1,1,2,7,2,3,2,15,8,2,20,1,42
52,2,4,2,2,8,1,5,4,1,13,13,3,3,NA,35
48,1,4,2,1,3,6,3,1,1,13,12,2,18,NA,34
59,2,2,2,5,2,8,2,3,1,13,9,2,7,1,34
30,1,1,1,1,2,6,2,2,4,13,16,3,29,2,58
61,2,1,1,1,2,7,2,1,3,13,11,3,5,1,35
50,1,4,2,1,3,1,1,1,1,13,8,2,14,1,41
59,2,1,1,1,2,4,5,4,4,13,11,2,5,1,36
54,1,1,1,3,3,6,4,2,3,13,9,3,13,1,41
36,2,4,2,1,3,2,1,1,1,14,5,1,20,1,40
45,1,1,1,1,2,2,4,1,5,14,15,1,19,1,74
42,2,1,1,2,8,2,2,4,3,14,8,1,22,1,45
50,1,1,1,1,6,3,4,2,3,14,17,1,12,1,89
51,2,1,1,1,2,2,2,2,3,14,12,1,15,1,42
21,1,1,1,1,2,4,2,1,3,14,16,1,39,1,121
27,2,1,1,1,2,5,2,1,5,14,11,1,17,1,45
45,1,1,1,1,5,2,2,1,4,14,17,3,13,1,47
59,1,1,1,1,2,7,2,1,5,14,9,3,10,1,40
39,1,1,1,1,6,4,4,1,5,14,13,1,22,1,73
58,2,1,1,2,2,1,6,2,2,14,13,2,4,NA,34
53,1,1,1,1,2,8,2,4,5,14,11,2,13,1,47
22,2,1,1,1,1,1,1,1,2,14,6,1,21,1,36
44,2,1,1,1,5,4,4,1,5,14,11,1,19,1,26
42,1,1,1,1,5,4,4,1,5,14,15,1,18,1,53
52,1,4,2,1,2,2,3,1,1,14,25,1,6,1,31
33,1,1,1,6,8,0,2,1,2,13,6,1,34,1,55
34,2,1,1,1,2,1,2,1,3,13,10,1,14,NA,35
55,2,1,1,3,4,6,4,2,3,13,12,3,12,1,109
53,1,1,1,1,6,4,2,1,5,13,14,1,9,1,50
50,1,1,1,4,4,4,4,2,4,13,15,1,11,1,39
29,2,1,1,1,2,2,2,4,2,14,17,3,35,1,46
21,2,4,2,1,5,5,2,1,1,15,14,1,25,1,65
39,1,1,1,1,2,9,2,1,5,14,10,1,29,1,48
41,2,1,1,1,2,5,2,1,5,14,16,1,12,1,50
45,1,1,1,1,2,5,2,2,4,14,14,1,18,1,52
50,1,4,2,1,3,7,2,2,1,14,9,1,17,1,45
34,1,1,1,1,2,4,2,1,3,14,8,1,35,1,70
61,1,1,1,1,2,6,8,3,5,15,11,3,5,1,42
26,2,1,1,1,2,5,3,3,5,14,10,3,26,1,41
39,2,1,1,1,1,4,1,2,5,14,13,3,13,1,28
62,2,1,1,1,5,4,2,3,4,14,12,2,6,1,33
59,2,1,1,1,5,4,6,3,4,14,15,2,4,1,35
44,1,1,1,1,2,8,2,4,5,14,10,3,24,1,55
49,1,1,1,1,2,6,2,2,3,14,10,1,19,1,40
54,1,1,1,1,3,5,4,2,5,14,14,1,9,1,37
54,2,1,1,1,2,7,4,2,2,14,10,1,6,1,35
55,2,1,1,1,2,6,4,1,5,14,10,1,10,1,34
54,1,1,1,1,2,6,2,2,5,14,13,1,10,1,44
57,1,1,1,1,2,8,3,3,5,14,13,1,9,1,45
62,2,1,1,1,6,5,3,2,5,14,11,2,4,1,35
52,1,1,1,1,4,4,8,1,5,14,12,2,6,1,35
55,2,4,2,1,2,3,3,4,1,14,14,1,7,1,35
46,1,4,2,1,3,2,6,3,1,14,11,1,16,1,52
43,2,1,1,1,2,1,2,1,2,14,9,3,14,1,36
57,2,1,1,1,3,5,4,3,5,14,14,2,8,1,40
53,1,1,1,6,4,2,4,1,5,14,13,2,12,1,44
48,1,1,1,1,2,6,2,4,4,14,13,3,16,1,49
43,2,1,1,1,1,6,2,1,2,7,7,1,25,1,35
41,1,1,1,1,1,1,1,1,2,7,7,1,26,1,37
40,1,1,1,1,2,1,2,1,2,7,11,2,24,1,51
39,2,1,1,1,2,1,2,1,2,7,7,2,23,1,29
46,2,1,1,4,2,6,2,4,3,7,8,1,18,1,34
43,1,1,1,1,1,6,1,1,2,7,6,1,23,1,49
60,1,1,1,1,4,1,4,1,3,5,15,3,8,NA,30
25,2,1,1,1,1,1,1,1,2,7,6,1,2,NA,29
11,1,1,1,1,1,1,1,1,2,7,6,1,56,NA,25
28,2,1,1,7,2,5,2,4,4,7,9,1,24,NA,55
30,1,1,1,1,2,1,3,1,2,7,6,1,38,1,63
48,2,1,1,1,2,6,2,1,3,7,11,1,22,1,44
28,1,1,1,1,2,1,2,1,2,7,6,1,40,1,42
31,2,1,1,1,2,6,2,1,3,7,6,1,19,1,165
33,2,1,1,1,1,1,1,1,2,7,6,1,11,1,40
31,1,1,1,1,3,1,1,1,2,7,7,1,36,3,35
49,2,1,1,1,2,1,2,1,2,7,7,1,18,1,43
49,1,1,1,1,2,6,2,1,2,7,8,1,18,1,44
45,1,1,1,1,2,1,2,1,2,7,7,1,23,1,38
21,1,1,1,7,5,4,2,4,2,6,6,1,47,1,40
27,2,1,1,1,2,1,2,1,2,6,6,1,16,1,38
61,2,1,1,2,2,2,2,1,4,6,12,3,4,1,38
52,1,1,1,1,2,6,2,4,3,6,12,1,12,1,40
54,2,1,1,1,2,2,2,1,3,6,10,1,6,NA,35
22,1,1,1,1,1,1,1,1,2,6,10,1,46,1,56
24,2,1,1,1,2,6,1,1,3,6,7,1,35,1,37
14,1,1,1,1,1,2,1,1,2,6,7,1,54,5,18
44,1,1,1,1,2,1,2,1,2,6,7,1,25,2,37
60,2,1,1,1,2,2,2,2,3,6,12,2,4,1,38
32,2,1,1,1,1,2,1,1,4,6,8,1,25,1,46
44,1,1,1,1,2,2,2,1,2,6,7,1,24,1,38
42,1,1,1,1,1,4,2,1,3,6,7,1,25,1,45
43,2,1,1,1,1,9,2,4,3,6,8,1,15,1,37
47,2,1,1,1,2,6,2,2,2,6,16,2,14,1,56
54,1,1,1,1,2,2,2,1,3,6,15,3,11,1,48
32,1,1,1,1,2,1,2,1,2,6,6,1,35,3,80
35,2,1,1,1,1,8,1,1,2,6,9,1,15,1,31
31,1,1,1,1,1,1,1,1,2,6,6,1,36,2,28
58,2,1,1,1,2,6,2,1,3,6,9,1,9,1,40
59,1,1,1,1,2,6,2,1,3,6,13,1,4,1,35
39,1,1,1,6,2,2,4,4,2,6,8,3,28,1,43
37,2,1,1,1,3,1,2,1,2,6,13,1,27,1,38
45,2,1,1,1,2,7,2,1,3,6,11,1,21,2,39
43,1,1,1,7,2,6,2,1,3,6,8,1,24,1,38
45,1,1,1,1,2,2,2,1,3,6,11,1,18,2,45
49,2,1,1,1,5,4,4,1,3,6,10,1,10,1,36
18,1,1,1,4,1,1,1,1,3,6,7,1,50,2,41
22,2,1,1,1,1,1,1,4,2,6,7,1,45,2,41
49,1,1,1,1,2,1,2,1,2,6,7,1,18,1,37
56,1,3,1,3,2,2,4,3,4,6,9,1,12,1,41
56,2,1,1,1,1,1,2,1,2,6,9,1,11,1,31
58,1,1,1,1,2,6,2,4,3,6,11,3,7,1,39
22,2,1,1,1,1,1,1,1,2,6,6,1,18,1,36
45,1,1,1,1,2,6,2,2,3,6,8,3,23,1,39
42,1,4,2,1,2,6,2,1,1,6,9,3,26,1,25
48,1,1,1,1,2,6,2,3,3,7,17,1,20,1,49
48,2,1,1,1,2,6,2,4,2,7,16,1,14,NA,50
28,1,1,1,1,2,6,2,1,5,7,9,1,40,1,33
49,1,1,1,1,2,1,2,1,2,7,14,1,13,1,70
49,2,1,1,1,2,1,2,1,2,7,10,1,13,1,41
19,1,1,1,1,2,2,2,1,2,7,6,1,50,1,39
21,2,1,1,1,4,1,2,1,2,7,7,1,46,NA,35
39,2,1,1,1,2,6,2,1,4,7,7,3,15,1,42
52,1,1,1,1,4,4,4,2,3,7,14,3,12,2,49
45,2,4,2,1,2,1,2,1,1,7,7,1,17,1,28
60,2,3,1,1,3,2,5,2,3,7,13,1,4,NA,38
56,1,1,1,1,6,5,4,1,2,7,15,1,7,1,36
53,1,1,1,1,2,5,4,2,4,7,13,1,10,1,52
32,2,1,1,1,2,6,2,1,2,6,10,2,27,1,66
33,1,1,1,1,2,6,2,4,4,6,7,2,34,1,70
52,2,4,2,1,2,7,2,3,1,6,14,1,13,1,40
48,1,1,1,1,4,4,4,3,4,6,16,1,16,1,60
52,2,4,2,1,2,1,2,1,1,6,8,1,16,1,23
53,1,4,2,1,2,1,2,1,1,6,13,1,15,1,31
58,2,1,1,1,2,2,2,2,4,6,10,2,10,1,52
56,1,1,1,1,2,7,2,2,4,6,9,2,12,1,35
57,2,1,1,1,2,6,2,2,4,6,11,3,9,1,32
44,1,1,1,1,2,7,2,1,4,6,15,1,25,2,51
52,2,1,1,1,2,4,2,4,4,6,13,1,15,1,41
42,1,1,1,1,2,4,2,1,4,6,13,1,26,1,52
26,2,1,1,1,3,2,2,1,2,6,13,1,16,1,40
20,1,1,1,1,4,2,3,4,2,6,15,1,46,1,84
58,1,1,1,1,2,4,2,4,4,6,9,1,9,1,36
62,2,1,1,1,2,6,2,4,4,6,9,1,6,1,33
33,1,1,1,2,2,1,2,4,2,6,10,3,26,1,35
49,2,1,1,1,2,9,5,4,3,10,20,1,8,1,38
47,1,1,1,1,2,4,2,3,3,10,18,1,11,1,49
50,2,1,1,1,2,1,2,1,2,10,10,1,9,NA,70
41,2,1,1,1,2,6,2,1,2,10,7,1,4,NA,35
42,1,1,1,7,2,6,2,1,2,10,11,1,21,1,43
48,2,1,1,1,2,2,2,1,3,10,9,1,13,1,31
42,1,1,1,1,1,2,3,1,2,10,7,1,28,1,41
46,2,1,1,1,8,1,2,1,2,10,12,1,8,1,34
40,1,1,1,1,2,1,2,1,2,10,7,1,27,1,48
39,1,1,1,1,2,7,2,1,2,10,11,3,29,1,37
56,1,1,1,1,2,7,2,2,2,10,9,2,12,1,38
60,2,1,1,3,2,6,1,1,3,10,11,2,7,1,37
58,2,1,1,1,6,5,2,1,3,10,9,1,9,1,35
51,1,1,1,1,6,4,3,1,3,10,9,1,15,1,45
30,2,1,1,1,2,8,2,1,2,10,7,1,15,1,37
19,1,1,1,1,2,1,2,1,2,10,7,1,49,3,54
43,1,1,1,1,2,8,2,1,3,10,12,2,22,NA,35
51,2,1,1,1,2,2,2,4,3,10,10,2,13,1,38
27,2,1,1,1,2,4,2,1,3,10,8,1,27,1,54
25,1,1,1,1,1,6,1,1,2,10,6,1,43,1,47
61,2,1,1,1,1,1,5,2,2,10,11,1,6,1,53
60,1,1,1,1,2,6,2,4,3,10,9,1,7,1,33
39,1,1,1,1,8,6,2,1,2,10,7,1,28,1,46
44,2,2,2,2,2,1,2,2,1,10,8,1,13,1,44
48,1,4,2,1,3,8,1,1,1,10,16,2,16,1,41
54,2,1,1,1,2,6,2,4,3,10,11,2,13,1,36
30,2,1,1,1,2,6,2,1,2,10,6,1,35,1,38
25,2,1,1,1,1,6,1,1,3,10,7,1,21,1,31
60,2,1,1,1,6,5,2,2,3,10,9,2,5,NA,35
54,1,1,1,1,2,8,2,1,3,10,9,2,13,1,55
39,1,1,1,1,2,6,2,4,3,10,10,1,29,1,42
38,2,1,1,1,2,6,2,1,3,10,9,1,23,NA,17
65,1,1,1,1,2,1,2,4,2,10,11,2,2,1,38
35,2,1,1,3,2,1,2,1,2,10,7,1,30,1,36
42,1,1,1,1,4,4,2,1,3,10,18,1,21,1,46
59,1,1,1,1,2,6,2,4,3,10,9,2,9,1,36
60,2,1,1,1,3,5,5,4,3,10,10,2,8,1,30
46,1,1,1,1,2,2,2,1,2,10,11,1,18,1,36
35,2,1,1,1,2,5,2,1,2,10,7,1,15,1,40
24,1,1,1,1,3,1,2,1,2,10,7,1,50,1,45
53,1,1,1,1,2,7,2,1,3,10,10,1,14,1,38
49,1,1,1,1,2,3,2,1,4,10,15,2,15,1,72
44,2,1,1,1,2,8,4,1,3,10,13,2,21,1,44
52,2,1,1,1,2,9,2,3,2,10,14,1,8,1,30
52,2,1,1,1,2,1,2,2,2,10,9,2,16,1,36
48,1,1,1,1,2,8,2,2,2,10,8,2,20,1,42
46,1,1,1,1,2,1,2,1,2,10,7,1,22,1,38
48,2,1,1,1,2,6,2,1,3,10,8,1,14,1,38
47,2,1,1,1,3,2,3,1,3,10,14,1,9,1,47
45,1,1,1,1,6,5,4,1,3,10,15,1,20,1,52
26,1,1,1,1,4,2,1,2,3,10,8,1,40,1,41
40,1,1,1,2,8,0,2,1,2,10,12,1,23,1,48
44,2,1,1,1,2,4,2,1,3,10,8,1,25,1,51
44,1,1,1,1,2,6,2,3,3,10,7,1,24,1,44
57,2,1,1,1,2,4,2,2,3,10,9,1,9,1,39
57,1,1,1,1,2,7,2,1,3,10,11,1,9,1,41
44,2,1,1,1,2,6,2,2,2,10,7,1,11,1,43
43,1,4,2,1,2,5,2,4,1,10,8,1,21,1,55
44,2,1,1,1,2,4,2,4,3,10,8,1,15,1,38
45,2,1,1,7,8,0,8,1,2,10,8,1,20,1,26
39,1,1,1,1,2,1,2,1,2,10,13,1,29,1,53
25,1,1,1,1,2,6,2,3,4,12,17,1,44,1,57
27,2,1,1,1,2,2,2,1,4,12,12,1,18,1,43
52,1,4,2,7,6,5,4,1,1,12,15,1,16,2,41
57,2,1,1,3,3,2,1,4,2,12,12,1,9,1,48
52,1,1,1,1,4,4,4,1,4,12,11,1,14,1,52
43,2,1,1,1,2,7,2,2,3,12,14,1,20,1,52
52,1,1,1,1,2,6,2,1,3,12,8,2,16,1,47
54,2,1,1,1,2,4,2,2,3,12,13,2,11,1,45
46,2,4,2,1,1,1,1,1,1,12,8,1,13,1,47
39,1,4,2,1,1,1,1,1,1,12,8,1,28,1,41
29,2,1,1,1,2,6,2,1,3,12,13,1,29,1,45
25,1,1,1,1,2,4,2,1,3,12,10,1,43,1,110
38,2,1,1,1,2,6,2,2,3,12,7,1,22,1,28
43,2,1,1,1,4,5,4,4,3,12,14,3,19,1,44
50,2,4,1,1,2,1,2,1,1,12,8,1,10,1,42
47,1,1,1,1,4,4,2,2,4,12,16,1,19,1,53
18,1,1,1,1,3,2,2,1,4,12,13,1,49,NA,70
44,1,1,1,1,3,2,1,1,5,12,16,1,24,1,41
23,2,1,1,1,2,5,2,1,5,12,20,3,42,1,51
48,1,1,1,1,2,6,2,1,2,12,17,1,17,1,87
54,2,1,1,1,5,2,2,4,2,12,9,3,14,1,39
39,2,1,1,1,2,4,2,1,5,12,7,1,19,1,41
56,2,1,1,1,2,4,4,3,3,12,13,1,7,1,42
55,1,1,1,1,6,4,4,1,3,12,14,1,11,1,44
63,1,1,1,1,5,2,4,4,3,12,11,3,2,1,33
36,2,1,1,1,2,1,2,1,2,12,12,1,14,1,39
42,2,1,1,1,2,3,2,4,5,12,11,1,21,1,47
40,1,1,1,1,2,6,2,1,3,12,9,1,27,1,45
31,1,1,1,1,2,1,2,1,2,12,7,1,36,1,42
33,2,1,1,1,2,1,2,1,2,12,7,1,30,1,35
62,1,1,1,1,5,5,2,2,3,12,13,3,4,1,39
30,1,1,1,1,2,5,2,1,4,12,14,1,32,1,70
28,2,1,1,1,2,1,2,1,2,12,8,1,24,1,39
36,1,1,1,1,6,7,4,1,5,12,17,1,27,1,70
33,2,1,1,1,2,2,2,1,3,12,11,1,29,1,53
54,2,4,2,6,4,4,4,4,1,12,13,1,7,1,51
54,1,1,1,1,4,7,4,4,3,12,11,1,11,1,52
38,2,1,1,1,2,1,2,1,2,12,7,1,31,1,42
38,1,4,1,9,2,6,2,4,1,12,7,1,30,NA,44
53,1,1,1,1,4,2,4,4,3,12,16,1,6,1,49
50,2,1,1,1,4,5,2,1,3,12,17,1,4,1,60
44,1,1,1,1,5,5,2,1,4,12,18,3,12,1,85
52,1,1,1,1,2,8,2,1,4,12,18,1,7,1,60
53,1,1,1,1,2,8,2,3,3,12,9,1,15,1,34
59,2,1,1,1,2,7,2,1,3,12,11,1,8,1,29
22,1,1,1,1,2,7,2,1,2,12,10,1,44,1,43
23,2,1,1,1,2,1,2,1,2,12,7,1,26,1,44
51,2,1,1,1,3,4,4,1,3,12,15,3,10,1,40
65,1,1,1,4,2,6,2,5,5,12,11,3,5,NA,28
37,1,1,1,1,2,8,2,1,5,12,7,1,30,1,52
45,2,1,1,1,2,7,2,1,3,12,7,1,23,1,38
62,2,1,1,1,2,7,2,1,5,12,11,3,4,1,36
59,2,1,1,1,4,8,4,4,5,12,10,3,8,1,35
46,2,1,1,1,3,6,2,3,3,12,10,3,20,1,39
43,1,1,1,1,3,5,4,1,5,12,12,2,24,1,63
37,1,1,1,1,1,1,2,1,2,24,7,1,31,1,37
48,1,1,1,1,2,1,2,1,2,24,10,1,17,1,44
49,2,1,1,1,2,7,2,4,4,24,15,1,12,1,50
45,1,1,1,1,2,5,2,1,2,24,9,1,22,1,49
64,1,1,1,1,3,2,2,4,3,24,12,3,0,NA,25
33,2,1,1,1,1,1,1,1,2,24,6,1,38,2,19
52,1,1,1,1,2,8,2,1,3,24,12,1,15,1,39
53,2,1,1,1,2,6,2,2,3,24,11,1,13,1,37
59,1,1,1,1,2,8,2,1,2,24,11,3,7,1,38
55,2,1,1,1,2,1,3,3,2,24,11,1,11,1,44
53,1,1,1,1,2,8,2,2,2,24,11,1,15,1,41
51,1,1,1,1,1,1,1,1,2,24,15,2,16,1,43
28,1,1,1,1,1,1,1,1,2,24,7,3,35,1,38
30,2,1,1,1,2,1,2,1,2,24,6,1,17,1,40
27,1,1,1,1,1,1,1,1,2,24,7,1,NA,1,38
45,2,4,2,1,1,7,1,2,1,24,11,1,15,1,49
60,1,1,1,1,4,4,2,2,3,24,12,2,6,1,39
63,2,1,1,1,2,6,2,4,3,24,12,2,5,1,37
48,1,1,1,1,3,7,2,1,3,24,11,1,16,1,49
39,2,1,1,1,1,6,1,1,3,24,8,1,24,1,40
37,1,1,1,1,1,6,2,1,3,24,10,1,31,1,48
55,2,2,1,6,2,1,2,2,3,24,9,1,6,NA,35
41,1,1,1,5,2,6,2,1,3,24,9,1,26,1,65
46,2,1,1,1,2,6,2,1,3,24,9,1,13,1,41
26,2,1,1,1,2,1,1,1,2,24,6,2,6,NA,20
48,2,1,1,1,2,6,2,1,2,24,9,1,19,1,41
30,1,1,1,1,1,1,1,1,3,24,10,1,40,1,63
29,2,1,1,1,1,1,1,1,3,24,6,1,12,1,35
34,2,1,2,1,2,1,2,1,2,24,7,1,27,1,39
34,1,1,1,1,2,1,2,1,2,24,6,1,34,1,51
19,2,1,1,1,1,9,1,1,2,24,8,1,27,NA,32
47,1,1,1,1,2,6,2,1,2,24,7,1,21,1,42
41,2,1,1,1,1,1,1,1,2,24,12,1,11,1,39
45,1,1,1,1,2,4,2,1,4,24,11,1,19,1,43
51,2,1,1,1,2,2,2,1,2,24,13,1,14,1,38
32,2,1,1,1,1,6,1,1,2,24,7,1,23,1,35
46,2,4,2,1,6,5,5,3,1,24,13,3,17,1,56
50,2,1,1,1,2,1,2,1,2,24,13,2,12,1,37
49,1,1,1,1,6,5,6,2,5,24,16,2,12,1,52
64,2,1,1,1,3,4,4,4,3,24,11,3,3,1,31
55,1,1,1,1,2,6,2,3,4,22,9,3,11,1,49
46,1,1,1,1,2,6,2,1,3,22,9,2,21,1,38
47,2,1,1,1,2,5,2,3,2,22,11,2,10,2,33
45,2,1,1,1,5,4,4,2,3,22,15,1,18,1,56
46,1,1,1,2,2,6,2,4,2,22,7,3,25,1,49
52,2,1,1,1,6,4,2,1,4,22,13,2,8,1,47
48,1,1,1,1,2,6,2,2,3,22,15,2,14,1,41
28,1,1,1,1,1,1,1,1,2,22,6,1,40,1,38
28,2,1,1,1,2,6,2,1,2,22,7,1,25,1,21
32,2,1,1,1,2,2,2,1,2,22,11,1,31,1,99
23,1,1,1,1,3,1,2,1,2,22,7,1,44,1,41
19,2,1,1,1,1,1,1,1,3,22,8,1,31,1,49
34,2,1,1,1,1,1,1,1,2,22,7,1,5,1,35
51,2,1,1,1,1,2,2,4,3,22,15,1,8,1,44
43,1,1,1,1,2,6,2,3,3,22,11,1,23,1,52
25,1,1,1,1,1,6,1,4,3,22,6,1,42,1,37
29,2,1,1,1,1,6,1,1,3,22,6,1,30,1,34
57,1,1,1,1,5,2,4,3,3,22,12,3,7,NA,35
55,1,1,1,1,2,4,2,2,4,22,11,3,11,NA,60
58,1,1,1,1,2,8,4,1,3,25,9,2,10,1,49
49,1,1,1,3,2,7,2,1,2,25,11,2,18,1,39
44,2,1,2,1,2,1,2,1,2,25,7,2,13,1,39
42,1,1,1,1,2,6,2,3,2,25,10,2,23,1,38
44,2,1,1,1,1,7,3,2,4,22,15,1,18,1,47
38,1,1,1,1,1,1,1,1,2,22,9,1,29,1,66
35,2,1,1,7,2,2,2,1,4,22,8,1,22,1,41
61,2,2,1,1,6,4,2,3,5,22,11,3,7,1,45
55,1,1,1,1,2,8,2,4,4,22,13,2,13,1,37
48,1,1,1,1,2,8,2,4,3,22,15,1,13,1,62
46,2,1,1,1,1,1,2,1,2,22,15,1,14,1,62
44,1,1,1,1,2,4,2,3,4,22,25,3,20,1,64
32,1,1,1,1,2,4,2,1,4,22,10,1,34,1,40
35,2,4,2,1,2,7,2,2,1,22,8,1,13,NA,29
62,2,1,1,1,2,5,2,3,4,22,9,3,6,1,30
44,1,1,1,1,2,1,2,1,2,22,7,1,22,1,44
29,1,1,1,1,1,2,1,1,3,22,6,1,37,1,42
35,2,1,1,1,2,4,4,4,2,22,20,1,14,1,29
34,2,1,1,1,1,1,1,1,2,22,8,1,20,1,41
34,1,1,1,1,1,1,1,1,2,22,11,1,33,1,59
44,2,1,1,1,2,1,2,1,2,22,8,3,20,1,31
18,1,1,1,1,1,1,1,1,2,22,8,1,45,1,31
29,2,1,1,1,1,5,1,2,3,22,11,1,36,1,40
25,2,1,1,1,1,6,1,1,4,22,7,3,26,1,47
20,1,1,1,1,2,6,2,1,4,22,6,1,47,1,52
23,2,1,1,6,1,1,1,1,2,22,6,1,17,1,35
30,1,1,1,1,1,6,1,1,3,22,9,1,39,1,42
31,2,1,1,1,1,7,1,1,3,22,6,1,39,1,42
65,1,1,1,1,2,7,3,4,4,22,9,3,3,1,29
43,1,1,1,1,2,2,2,2,4,22,7,1,24,1,49
56,1,4,2,1,5,4,2,1,1,22,13,1,8,1,29
51,1,1,1,1,2,1,2,1,2,22,13,1,11,2,53
65,2,1,1,1,3,0,4,4,4,22,10,3,3,1,30
45,2,1,1,1,2,4,2,1,3,22,9,3,20,1,42
26,1,1,1,1,2,1,2,1,2,24,6,1,42,1,47
20,2,1,1,1,2,1,2,1,2,24,6,1,6,4,62
38,1,1,1,1,1,1,1,1,2,24,12,1,30,1,53
41,2,1,1,4,1,8,2,1,3,24,15,1,27,1,48
45,1,1,1,7,4,5,2,1,3,20,7,1,22,1,52
43,1,1,1,1,2,4,2,1,3,20,14,1,23,1,60
44,2,1,1,1,2,5,2,1,3,20,13,1,22,1,50
45,2,1,1,1,2,1,2,3,2,20,13,3,19,1,42
49,2,1,1,1,2,6,4,1,4,20,13,1,19,1,42
64,2,1,1,1,4,2,4,3,3,20,10,3,3,NA,70
38,1,1,1,1,2,6,2,2,2,20,9,1,30,1,44
44,2,1,1,1,1,2,2,3,3,20,13,3,20,1,43
25,2,1,1,1,8,1,8,1,2,20,8,1,42,1,47
25,1,1,1,1,2,6,2,2,3,20,8,1,42,1,47
33,2,1,1,9,2,6,2,1,3,20,7,1,22,1,38
29,1,1,1,1,2,6,2,1,3,20,8,1,38,1,53
32,1,4,2,1,1,1,1,1,1,20,7,1,37,1,55
42,2,4,2,1,1,6,1,3,1,20,8,1,12,1,58
65,1,1,1,1,2,6,2,3,2,20,12,3,2,1,25
38,2,1,1,1,8,1,8,1,2,20,7,1,12,1,34
44,2,1,1,1,2,7,2,1,2,20,9,1,24,1,49
26,1,4,1,6,1,2,1,5,1,20,7,1,42,1,39
36,2,1,1,1,2,6,2,3,2,20,8,1,24,1,43
57,1,1,1,1,4,8,2,4,3,20,11,3,11,1,41
45,2,1,1,1,2,1,4,1,2,20,10,1,10,1,40
21,2,1,1,2,2,6,2,3,3,20,8,1,20,1,32
55,2,1,1,3,4,7,4,3,3,20,13,1,9,1,64
51,1,1,1,1,2,2,2,1,3,20,10,1,16,1,40
48,1,1,1,1,2,7,2,2,3,20,8,1,20,1,47
52,2,1,1,1,2,6,2,3,3,20,10,1,13,1,36
54,2,1,1,1,6,4,2,2,3,20,15,1,3,1,38
52,1,1,1,1,2,6,2,2,3,20,15,1,10,1,54
51,1,1,1,1,5,4,2,2,3,20,10,2,15,1,41
62,2,1,1,1,2,6,2,1,3,20,9,2,5,1,33
33,2,1,1,3,2,6,2,1,2,20,10,1,32,1,45
28,1,1,1,1,2,6,2,1,3,20,6,1,39,1,47
49,2,4,2,1,2,6,2,1,1,20,12,1,16,NA,32
40,1,1,1,1,2,8,2,1,2,20,7,1,28,1,60
19,2,1,1,1,5,2,5,4,5,20,13,1,45,1,79
45,1,1,1,1,1,6,1,1,3,20,7,1,24,1,45
44,2,1,1,1,2,2,2,4,3,20,9,1,18,1,36
42,2,1,1,1,2,1,4,1,2,20,10,1,22,1,38
43,1,1,1,1,4,4,2,1,2,20,14,1,19,2,72
56,1,1,1,1,2,7,2,1,3,20,12,2,10,1,35
63,2,1,1,1,2,6,2,2,3,20,12,2,4,1,33
50,1,1,1,1,2,8,2,3,3,20,13,3,16,1,44
52,2,1,1,1,2,1,2,3,2,20,9,2,15,1,40
36,1,1,1,1,2,6,2,1,3,20,14,1,30,1,85
42,2,4,1,1,2,6,2,1,2,20,7,1,20,1,34
60,2,4,2,1,1,6,1,2,3,20,10,1,7,1,39
27,2,1,1,1,2,6,2,2,3,21,7,1,25,NA,30
56,2,1,1,2,8,7,2,2,2,21,12,2,5,3,35
43,1,1,1,1,2,7,2,1,2,21,9,2,22,1,47
48,2,1,1,2,2,1,2,3,2,21,9,2,18,1,21
46,1,1,1,1,2,8,2,4,3,21,8,3,22,1,43
56,2,1,1,1,2,6,2,1,2,21,9,3,12,1,42
57,1,1,1,3,2,6,4,1,3,21,11,1,8,1,38
55,2,1,1,1,2,6,2,1,3,21,11,1,10,1,48
52,1,1,1,1,2,6,2,3,3,21,10,2,15,1,44
64,2,1,1,1,2,2,2,1,2,21,11,3,3,1,28
32,1,1,1,1,2,7,2,3,3,21,8,2,37,1,42
39,2,1,1,1,4,6,4,2,3,21,13,2,27,1,37
29,2,1,1,1,2,1,2,1,3,21,7,1,20,1,36
26,1,1,1,4,2,6,2,1,3,21,6,1,44,1,56
43,2,1,1,1,2,1,2,1,2,21,7,1,17,1,31
56,1,1,1,1,2,6,8,4,4,21,11,2,10,1,50
64,2,1,1,1,2,2,2,1,2,21,11,2,2,1,30
20,2,1,1,6,1,1,1,1,2,21,6,1,28,1,36
32,2,1,1,1,2,6,2,1,3,21,7,2,36,1,43
34,1,1,1,1,1,1,1,1,2,21,7,2,34,1,59
63,1,4,2,1,3,6,4,3,4,21,11,3,1,NA,25
54,1,1,1,1,2,6,2,2,4,21,9,1,13,1,41
55,2,1,1,1,2,2,2,2,2,21,10,1,8,1,34
28,1,4,2,7,1,1,1,2,1,21,3,1,39,1,41
60,2,1,1,1,2,2,4,1,3,20,12,2,4,1,36
53,1,1,1,1,5,4,2,4,4,20,11,2,14,1,41
48,2,1,1,1,2,6,2,2,3,20,12,2,14,1,42
47,1,1,1,1,2,5,2,3,2,20,10,2,20,1,52
48,1,1,1,1,2,6,2,1,3,20,13,2,19,1,47
47,2,1,1,1,2,6,2,1,3,20,10,2,19,1,43
16,1,1,1,1,3,2,2,1,2,20,13,1,41,3,187
47,2,1,1,1,6,5,5,4,4,20,17,3,10,1,55
52,2,1,1,1,4,4,4,2,4,21,15,1,5,1,49
55,1,1,1,1,6,5,6,4,4,21,14,1,7,1,43
50,2,1,1,1,6,4,2,2,4,21,15,1,16,1,49
55,1,1,1,1,5,4,4,1,4,21,11,2,10,1,38
59,2,1,1,1,2,2,5,2,4,21,13,2,5,1,36
50,1,1,1,1,2,6,2,2,4,21,12,3,13,1,55
27,1,1,1,1,2,8,2,1,4,21,10,1,40,1,43
29,2,1,1,1,2,6,2,1,4,21,10,1,21,1,41
64,2,1,1,1,2,8,2,4,3,21,9,3,3,1,29
52,2,1,1,1,2,7,2,1,5,21,17,1,16,1,42
51,2,1,1,1,4,3,2,1,5,21,17,1,9,1,42
44,1,1,1,1,2,6,2,4,2,18,7,2,24,1,39
47,2,1,1,1,2,8,2,1,2,18,7,2,21,1,41
44,2,1,1,1,2,6,2,3,3,18,11,1,11,NA,39
44,1,1,1,1,2,4,2,2,2,18,11,1,22,NA,76
47,2,1,1,1,2,6,2,2,3,18,8,1,22,NA,29
41,1,1,1,1,2,1,2,1,2,18,7,1,28,1,41
32,1,1,1,1,2,6,2,2,5,18,12,1,38,1,70
34,2,1,1,1,2,4,2,2,5,18,11,1,30,1,53
22,1,1,1,1,6,4,2,1,2,18,14,1,45,1,55
49,1,1,1,1,4,5,2,2,3,18,11,1,17,1,41
32,2,1,1,1,2,2,2,1,3,18,9,1,31,1,39
28,1,1,1,1,2,6,2,1,3,18,6,1,40,1,44
28,1,1,1,1,3,1,6,2,2,18,14,1,34,1,61
31,2,1,1,1,3,7,4,1,3,18,15,1,25,1,51
39,2,1,1,1,2,6,2,1,3,18,10,1,27,1,38
35,1,1,1,1,2,6,2,2,3,18,14,1,31,1,54
43,1,1,1,4,2,6,2,1,3,18,12,2,27,NA,40
60,2,4,2,1,1,8,1,1,1,18,8,2,6,1,31
23,2,1,1,1,2,1,2,1,2,18,6,1,30,1,45
23,1,1,1,1,2,1,2,1,2,18,7,1,44,NA,47
49,2,1,1,1,2,2,2,4,3,18,9,1,19,1,25
48,1,1,1,2,2,4,2,4,3,18,13,1,21,1,51
42,2,1,1,1,2,5,2,1,3,18,10,1,22,1,32
42,1,1,1,1,2,6,2,4,3,18,13,1,25,1,35
44,1,1,1,1,2,5,2,1,5,18,7,1,24,1,45
50,2,1,1,1,2,6,2,2,3,18,12,1,15,1,39
18,1,4,2,1,3,2,4,4,1,18,15,1,40,NA,100
58,1,1,1,1,3,6,2,1,2,18,9,3,10,1,44
59,1,1,1,1,2,6,2,1,3,18,11,2,8,1,47
54,2,1,1,1,2,2,4,4,3,18,18,1,6,1,38
42,1,1,1,2,2,6,2,2,3,18,17,1,16,1,54
44,2,1,1,1,1,6,2,3,4,18,17,1,16,1,56
47,1,1,1,1,2,6,2,2,2,18,9,1,20,1,40
48,2,1,1,1,2,4,2,2,3,18,12,1,14,1,31
51,2,1,1,1,2,8,5,1,3,18,12,1,14,1,42
45,2,1,1,1,2,6,2,2,3,18,8,3,10,1,41
61,1,1,1,1,8,6,2,1,3,18,12,1,7,1,36
45,2,1,1,1,2,5,2,2,3,18,7,3,23,1,38
20,2,1,1,1,2,1,2,1,2,18,6,1,45,NA,35
5,1,1,1,1,1,1,1,1,2,18,7,1,63,1,21
24,1,1,1,1,2,7,2,1,3,18,6,1,42,1,48
31,2,1,1,1,2,7,2,1,3,18,7,1,35,1,44
44,1,1,1,1,1,1,1,1,2,18,9,1,24,NA,47
42,2,1,1,1,1,5,1,1,2,18,7,1,20,1,36
46,1,4,2,1,1,6,1,1,1,18,13,1,20,2,33
62,2,1,1,1,4,4,3,1,3,18,12,3,5,1,35
56,1,1,1,1,5,2,6,4,3,18,14,3,12,1,55
58,2,1,1,1,2,7,2,2,4,18,9,1,10,1,37
52,1,1,1,1,2,6,2,3,3,18,15,1,15,1,47
44,1,1,1,1,2,6,2,1,3,18,7,1,24,1,30
45,2,1,1,1,2,2,2,4,3,18,11,1,21,1,39
51,2,1,1,1,2,6,4,1,4,18,11,1,16,1,27
48,1,1,1,1,4,2,2,1,4,18,12,1,20,1,55
51,1,1,1,1,2,8,2,3,3,18,13,1,17,1,44
53,2,1,1,3,2,6,2,3,3,18,9,1,16,1,35
40,1,1,1,1,2,6,2,4,4,18,15,1,26,1,65
54,1,1,1,1,2,2,2,4,5,18,12,1,12,2,40
57,2,1,1,1,5,4,6,4,2,18,11,1,10,2,11
31,1,1,1,1,2,2,2,1,2,18,9,3,37,1,47
56,1,1,1,1,2,7,2,1,4,18,10,2,12,1,38
42,2,1,1,1,3,5,3,4,3,18,11,1,24,2,21
40,1,1,1,1,2,1,2,1,2,18,10,1,28,1,43
28,1,1,1,1,1,1,1,1,2,18,7,1,40,2,35
47,1,1,1,1,2,8,3,3,4,18,14,1,20,1,42
54,2,1,1,1,2,6,4,3,2,18,13,1,14,1,37
36,1,1,1,1,3,1,2,1,3,18,7,1,34,1,40
43,2,1,1,1,2,8,2,1,2,18,7,1,24,1,35
45,1,1,1,1,2,2,2,2,3,18,19,1,20,1,56
50,2,1,1,1,2,2,2,4,4,18,13,1,17,1,47
45,1,1,1,1,2,2,5,1,4,18,15,1,16,1,55
50,2,1,1,1,3,5,2,3,3,18,15,1,16,1,58
24,1,1,1,3,1,6,1,1,2,18,6,1,44,1,38
31,2,1,1,1,2,1,2,1,2,18,7,1,18,1,34
61,1,4,2,1,1,1,1,1,1,5,8,1,4,1,29
28,2,1,1,6,2,5,2,1,2,5,7,3,18,1,41
46,2,1,1,1,2,1,2,1,2,5,11,3,19,1,34
49,2,4,2,1,4,6,4,2,3,5,14,1,16,1,40
52,1,1,1,2,8,0,2,2,4,5,11,1,15,1,46
30,2,1,1,1,2,2,2,1,4,5,10,1,37,1,43
59,1,1,1,1,2,5,3,2,4,5,14,3,4,1,38
30,1,4,2,1,2,6,2,1,1,5,7,1,38,1,47
41,2,1,1,1,2,1,2,1,2,5,8,1,20,1,44
58,1,2,1,1,4,4,3,4,4,5,13,2,8,1,37
66,2,1,1,1,2,7,4,3,4,5,9,2,2,1,27
61,1,1,1,1,4,4,4,4,4,5,12,2,7,1,44
62,2,1,1,1,2,4,2,3,4,5,12,2,6,1,41
50,2,4,2,1,3,8,3,3,1,5,15,1,11,1,47
38,2,1,1,1,1,7,2,4,4,5,10,1,30,1,40
39,1,1,1,2,1,7,2,2,4,5,13,1,28,1,51
49,1,4,2,1,6,5,6,3,1,5,16,2,9,1,66
57,1,1,1,1,2,2,2,1,4,5,12,1,7,1,40
24,1,1,1,1,2,1,2,1,2,5,10,1,46,1,47
56,2,1,1,1,4,5,2,2,4,5,20,1,9,1,40
51,1,1,1,2,2,6,2,3,4,5,9,1,17,1,39
22,2,1,1,1,2,2,2,1,2,5,7,1,30,1,37
55,1,4,2,1,2,2,4,3,1,5,11,2,12,1,41
59,2,4,2,1,2,7,2,4,1,5,10,2,7,1,43
53,2,1,1,1,2,1,2,1,2,5,9,2,14,1,36
45,1,1,1,1,2,6,2,1,4,5,8,2,23,1,35
33,2,1,1,1,2,6,2,1,2,5,12,1,20,1,42
43,1,1,1,1,2,1,2,1,2,5,11,1,24,1,60
63,2,1,1,1,3,6,4,3,4,5,11,3,3,1,38
63,2,1,1,2,2,7,4,4,2,5,12,3,5,1,34
38,1,4,2,1,1,6,1,1,1,5,10,1,30,1,36
39,2,4,2,1,1,1,1,1,1,5,7,1,13,1,40
27,2,1,1,1,1,8,1,1,4,5,8,3,42,1,37
21,1,1,1,1,1,2,1,1,4,5,7,1,48,1,48
26,2,1,1,1,5,9,4,1,4,5,16,1,36,1,49
63,1,1,1,2,2,8,4,4,4,5,9,3,4,1,31
31,1,4,2,1,4,4,3,1,1,5,11,3,38,1,44
51,2,1,1,1,3,6,2,3,3,5,13,1,12,1,43
50,1,1,1,1,2,6,2,3,2,5,16,1,15,1,65
51,2,1,1,1,6,4,4,1,3,5,12,2,14,1,44
46,1,1,1,3,8,0,4,1,4,5,20,2,18,1,44
43,1,1,1,1,2,6,2,1,4,5,10,3,24,1,41
48,2,1,1,1,6,5,3,1,3,18,15,1,16,1,39
32,1,1,1,1,1,1,2,2,2,18,17,3,32,1,42
34,2,1,1,1,3,5,1,1,4,18,12,1,17,2,55
20,2,1,1,1,2,3,2,1,2,18,10,3,45,1,43
45,2,1,1,1,2,2,4,1,4,18,12,1,23,1,47
48,1,1,1,1,3,5,2,1,4,18,12,1,16,1,48
33,1,1,1,1,2,4,2,1,2,18,6,2,35,1,53
41,2,1,1,1,8,5,5,3,5,18,14,2,19,1,51
34,1,4,2,1,1,5,1,1,1,18,6,1,34,1,44
34,2,4,2,1,1,1,1,4,1,18,7,1,22,1,48
33,2,1,1,1,3,1,2,1,2,18,12,1,27,1,53
22,1,1,1,1,2,1,2,1,2,18,6,1,43,1,40
47,1,1,1,1,2,2,3,1,3,18,15,1,22,1,85
49,2,1,1,1,2,5,2,2,3,18,12,1,15,1,47
32,1,1,1,1,2,1,2,1,1,18,10,1,36,1,55
35,2,1,1,1,2,2,2,1,3,18,11,1,22,1,35
31,1,1,1,1,4,2,2,2,4,18,14,1,31,1,54
39,1,1,1,1,2,1,2,1,2,18,18,1,22,1,55
43,2,1,1,1,2,4,4,2,4,18,15,1,22,1,44
26,2,1,1,1,4,1,2,1,2,18,7,1,40,1,41
47,2,1,1,3,3,1,3,3,5,18,13,1,16,NA,35
36,2,1,1,1,2,6,3,2,4,18,16,1,26,1,66
38,1,1,1,1,2,1,3,1,2,18,17,1,23,1,38
46,2,1,1,1,2,2,2,3,5,18,16,1,13,1,61
56,1,1,1,1,6,5,6,4,5,18,15,1,5,1,48
50,2,1,1,6,6,5,4,1,4,18,12,1,12,1,47
47,1,1,1,1,3,6,2,2,4,18,14,1,18,1,72
33,2,4,1,1,1,1,1,1,1,19,13,1,24,1,57
29,1,4,1,1,1,1,1,1,1,19,6,1,39,1,52
23,2,1,1,1,2,1,2,1,2,19,7,1,46,1,45
57,1,1,1,1,2,1,2,1,2,19,8,3,11,1,36
36,1,1,1,1,1,6,1,1,4,19,19,1,21,1,120
49,2,1,1,1,2,5,2,4,3,19,16,1,12,1,42
26,2,1,1,1,3,5,2,4,4,19,14,1,32,1,53
26,1,1,1,1,2,6,2,1,5,19,13,1,26,2,78
28,2,1,1,6,1,6,1,1,3,19,6,1,10,1,35
25,2,1,1,1,1,1,1,1,2,19,7,1,32,1,36
50,1,1,1,1,2,5,2,2,4,19,11,3,16,2,35
45,2,1,1,1,5,5,4,4,4,19,12,3,12,NA,35
60,2,1,1,1,2,6,2,3,4,19,11,2,7,1,34
29,1,1,1,1,1,1,1,1,2,19,6,1,33,1,46
37,2,1,1,1,1,2,1,1,2,19,11,1,25,1,44
64,2,1,1,1,6,2,6,1,5,1,11,3,3,1,39
28,1,1,1,1,2,7,2,1,5,1,17,1,42,3,100
33,2,1,1,1,3,2,2,1,2,1,15,1,17,1,50
51,2,1,1,1,3,4,2,1,5,1,13,3,13,1,44
47,1,1,1,1,2,1,2,2,3,1,15,2,17,1,40
39,2,4,2,1,5,2,2,1,1,1,15,1,14,1,39
30,1,1,1,1,3,1,4,1,5,1,15,1,30,1,81
22,2,1,1,1,2,6,2,3,2,1,6,1,19,1,38
60,2,1,1,1,3,7,2,3,5,1,9,1,8,1,41
32,2,1,1,1,4,9,4,4,4,1,12,1,22,1,40
36,2,1,1,1,2,7,3,1,5,1,16,1,19,1,61
37,1,1,1,1,5,7,2,1,5,1,17,1,22,1,77
45,2,1,1,1,3,8,2,4,5,1,12,1,14,1,11
27,1,1,1,1,2,2,2,1,2,1,7,1,40,2,16
64,2,1,1,1,2,5,3,2,5,1,11,2,4,1,32
64,1,1,1,3,2,2,2,4,5,1,10,2,6,1,38
46,1,1,1,1,4,5,3,1,2,1,14,2,16,1,89
27,1,1,1,1,2,7,2,1,3,1,9,1,40,1,58
29,2,1,1,1,5,4,5,1,4,1,10,1,20,1,48
26,1,1,1,1,3,2,5,1,5,1,10,1,38,2,97
23,2,1,1,1,2,8,3,1,5,1,9,1,32,1,85
43,2,1,1,1,6,5,3,2,3,1,19,3,24,1,61
19,1,1,1,1,2,8,2,1,3,1,14,1,48,1,67
20,2,1,1,1,4,8,2,2,4,1,11,1,39,1,93
49,1,1,1,1,2,2,2,2,2,1,12,1,15,1,39
37,1,1,1,1,2,2,2,2,5,1,15,1,28,1,65
35,2,2,2,1,4,1,4,1,1,1,13,1,23,1,36
29,2,1,1,1,2,5,2,4,5,1,13,1,24,1,45
28,1,1,1,1,1,1,1,1,2,1,13,1,38,1,101
47,1,1,1,2,1,5,4,4,5,1,10,1,19,1,56
48,2,1,1,1,2,6,2,2,5,1,15,1,11,1,47
32,2,1,1,2,8,0,1,4,5,1,8,2,24,1,41
19,1,1,1,1,4,1,3,1,2,1,11,1,42,1,132
23,2,1,1,1,2,1,2,1,2,1,7,1,19,1,35
59,1,1,1,1,2,6,8,4,5,1,14,3,3,1,41
27,2,1,1,1,2,7,2,4,3,1,8,3,38,1,40
19,1,1,1,1,2,1,2,1,2,1,15,1,49,1,59
42,1,1,1,1,2,6,2,1,5,1,12,1,21,1,60
42,2,1,1,1,3,2,3,4,4,1,13,1,25,1,32
48,1,1,1,1,2,2,2,1,2,1,13,1,13,1,48
50,2,1,1,1,3,5,4,2,3,1,12,1,16,1,46
23,2,1,1,1,2,7,2,1,5,1,8,1,23,1,35
21,1,1,1,1,4,2,4,1,5,1,13,1,41,1,33
64,1,1,1,1,2,6,2,1,5,1,11,3,1,1,34
42,2,1,1,6,2,8,2,1,5,1,12,3,20,1,40
35,2,1,1,6,4,6,2,1,2,1,10,1,32,1,43
30,1,1,1,1,4,4,3,2,2,1,8,1,35,1,55
58,1,4,1,1,3,2,3,4,1,1,12,3,11,1,44
36,2,1,1,1,2,6,4,4,5,1,19,1,22,1,69
44,1,1,1,1,6,4,4,1,5,1,18,1,17,1,87
50,2,1,1,1,2,6,2,1,2,1,15,1,14,1,73
31,1,1,1,1,1,5,1,1,5,1,12,3,36,1,94
31,2,1,1,1,2,5,1,3,4,1,10,1,33,1,72
38,2,1,1,1,4,5,2,1,5,1,8,1,25,1,37
40,2,4,2,1,6,5,3,4,1,1,18,1,17,1,100
37,1,1,1,1,6,4,4,2,5,1,17,1,23,1,49
30,1,4,2,1,5,2,1,1,1,1,15,1,31,1,64
38,1,1,1,1,2,6,2,1,5,1,14,1,30,1,74
41,2,1,1,2,2,7,2,4,5,1,12,1,9,1,40
22,1,1,1,1,5,4,2,1,5,1,8,2,46,1,47
23,2,1,1,1,2,2,2,1,2,1,12,1,41,1,58
34,1,4,2,1,1,1,1,1,1,1,3,1,33,1,39
47,1,1,1,1,4,4,4,2,3,1,21,2,19,1,48
43,2,1,1,1,4,4,5,2,5,1,27,2,26,1,52
24,1,1,1,1,2,4,2,2,5,1,15,1,39,1,101
26,2,1,1,1,6,5,5,1,5,1,12,1,15,1,39
42,1,1,1,1,5,3,6,1,5,1,22,1,20,1,64
40,2,1,1,1,3,6,4,4,5,1,14,1,21,1,53
21,1,1,1,1,2,4,2,3,5,1,15,1,37,1,93
23,2,1,1,1,5,3,2,1,5,1,14,1,5,1,52
46,1,1,1,1,4,7,3,3,5,1,14,1,10,1,47
51,1,1,1,1,4,5,4,2,3,1,16,2,8,1,63
51,2,1,1,1,2,2,2,4,5,1,15,2,11,1,66
28,2,1,1,1,1,1,1,1,4,1,11,1,24,1,42
33,2,1,1,1,1,1,1,1,2,1,8,1,24,1,41
42,2,1,1,1,6,5,4,2,5,1,11,2,24,1,39
45,1,1,1,1,2,6,2,3,3,1,9,2,23,1,42
46,2,1,1,1,2,1,2,1,2,1,10,1,13,1,51
43,2,1,1,1,2,8,2,1,3,1,8,1,22,1,44
42,1,1,1,1,2,4,1,1,3,1,9,1,26,1,44
44,2,1,1,1,2,4,3,3,5,1,14,1,8,1,41
42,1,2,1,1,1,6,1,4,2,1,13,1,20,1,72
19,1,1,1,1,2,6,4,1,3,1,15,1,50,1,55
29,2,4,2,1,4,5,1,1,1,1,14,1,35,1,62
45,2,1,1,1,2,6,2,4,4,1,9,3,22,1,34
27,2,3,1,1,6,2,2,4,2,1,10,1,40,1,42
20,2,1,1,1,3,6,2,1,5,1,9,1,34,1,45
65,2,1,1,1,3,7,2,4,3,1,11,3,2,1,34
28,2,1,1,1,2,7,2,1,5,1,8,1,8,NA,40
55,1,4,2,1,2,1,2,1,1,1,13,1,10,1,39
64,2,4,2,1,2,6,2,3,1,1,10,1,2,1,26
22,2,1,1,1,2,6,2,1,3,1,6,1,46,1,38
59,1,1,1,1,3,8,5,2,5,1,10,3,8,1,40
35,2,1,1,1,1,1,2,1,2,1,14,1,23,1,52
26,2,1,1,1,2,2,2,1,2,1,6,1,30,1,45
23,1,1,1,1,2,6,2,1,2,1,6,1,45,1,55
35,2,4,2,1,3,8,3,1,1,1,17,3,26,1,49
36,2,4,2,1,5,4,4,1,1,1,15,3,32,1,44
34,1,1,1,1,5,2,2,1,3,1,13,3,25,1,53
17,2,1,1,4,1,2,1,1,5,1,8,1,53,1,37
23,2,1,1,1,2,8,2,1,5,1,8,3,45,1,42
37,1,1,1,1,2,7,2,1,2,1,7,2,31,1,40
59,1,1,1,1,6,3,5,1,5,1,14,3,6,1,47
53,2,1,1,1,2,2,2,1,2,1,16,2,8,1,44
49,1,1,1,1,5,4,2,2,5,1,17,2,10,1,46
42,1,1,1,2,6,4,1,1,5,1,11,3,24,1,30
22,2,1,1,1,5,5,4,1,4,1,11,1,20,1,39
36,2,4,2,1,2,1,2,1,1,1,12,3,31,1,47
20,1,1,1,1,3,4,2,1,3,1,19,1,39,1,426
23,2,1,1,1,2,1,2,1,2,1,8,3,45,1,61
64,2,4,2,1,2,0,2,4,4,1,14,3,0,NA,30
64,1,4,2,1,1,9,2,2,3,1,11,3,2,1,37
34,1,4,2,1,1,6,4,4,1,1,7,1,30,1,45
27,2,4,2,1,1,1,1,2,1,1,7,1,15,1,39
38,2,1,1,1,2,2,2,1,4,1,8,1,28,1,21
60,1,4,2,2,4,2,1,1,1,1,9,3,5,1,40
30,2,1,1,1,1,1,3,1,2,1,6,1,25,1,42
60,1,1,1,1,2,6,4,2,3,1,11,3,9,1,39
28,1,4,2,1,1,1,1,1,1,1,9,1,39,1,117
42,1,1,1,1,2,8,2,1,2,1,7,2,NA,NA,40
51,1,4,2,1,1,1,1,1,1,1,17,1,4,1,60
43,2,1,1,1,3,1,1,4,2,1,9,1,22,1,25
45,1,1,1,1,2,7,1,1,2,1,8,1,21,1,61
52,1,1,1,1,5,4,2,1,5,1,12,3,17,1,47
54,1,1,1,2,8,0,6,4,5,1,12,3,11,1,47
50,2,1,1,1,2,5,4,4,5,1,9,1,16,1,35
61,1,1,1,1,8,7,5,4,3,1,11,2,7,1,35
50,2,1,1,1,2,5,2,1,3,1,16,2,18,1,52
36,1,1,1,1,2,5,1,3,5,1,14,3,30,1,75
20,2,1,1,1,3,6,2,2,3,1,11,1,45,1,80
39,2,1,1,1,1,1,1,1,2,1,7,1,14,1,44
31,1,1,1,1,1,6,1,1,3,1,12,1,34,1,49
18,2,4,2,1,2,5,3,1,1,1,8,1,42,NA,34
58,2,1,1,1,8,5,6,4,2,1,15,2,4,1,44
40,1,1,1,1,3,4,4,3,5,1,10,2,26,1,56
57,2,4,2,1,6,5,6,3,1,1,16,2,10,1,29
39,1,1,1,2,2,1,2,4,3,1,10,3,28,1,64
10,1,1,1,1,2,1,2,1,2,1,10,3,49,1,40
35,2,1,1,2,8,0,2,4,5,16,14,1,33,1,47
30,1,1,1,1,2,1,2,1,2,16,11,1,34,1,118
49,1,3,1,1,2,8,2,2,2,16,10,1,17,1,44
52,2,1,1,1,3,4,2,2,2,16,9,1,13,1,11
47,2,1,1,1,2,6,2,2,3,16,10,1,7,1,23
43,1,1,1,1,2,1,1,1,2,16,18,1,16,1,58
59,2,1,1,1,2,7,2,1,3,16,10,2,10,1,47
52,1,5,1,6,8,0,8,5,3,16,NA,2,16,1,42
42,2,1,1,1,2,6,2,2,3,16,10,1,20,1,36
38,1,1,1,1,2,6,2,2,3,16,13,1,30,1,69
56,1,1,1,1,4,5,3,1,3,16,11,2,11,1,41
63,2,1,1,1,2,2,4,2,2,16,11,2,3,1,33
31,2,1,1,7,2,7,2,1,2,16,6,1,22,1,41
29,1,1,1,1,2,7,3,1,2,16,10,1,41,1,53
37,1,1,1,1,6,4,5,2,5,10,17,1,23,1,99
38,2,3,1,2,6,5,4,3,4,16,15,1,18,1,55
57,1,1,1,1,5,5,4,1,3,16,14,2,6,1,42
60,2,1,1,1,2,1,4,2,2,16,14,2,4,1,29
21,1,1,1,1,1,5,1,1,4,16,11,1,45,1,81
48,2,1,1,1,2,1,2,1,2,16,9,1,20,1,40
50,1,4,2,1,6,8,2,2,1,16,10,2,19,1,37
51,2,1,1,1,2,2,2,1,2,16,8,2,17,1,34
57,1,1,1,1,4,1,4,4,2,16,11,2,7,1,44
62,2,1,1,1,2,5,3,4,3,16,12,2,2,1,36
26,2,1,1,1,1,1,1,1,2,16,7,1,33,1,41
60,1,1,1,1,4,5,4,4,3,16,11,3,6,1,40
32,1,1,1,1,6,5,5,1,2,16,15,1,28,1,47
44,2,1,1,1,4,5,2,1,5,16,13,1,20,1,47
39,1,1,1,1,2,7,2,4,5,16,18,1,19,1,55
46,2,1,1,1,2,7,2,3,2,16,17,1,11,1,62
32,1,1,1,1,2,8,2,1,2,16,7,1,36,1,55
34,2,4,2,1,3,7,2,1,1,16,8,1,15,1,30
20,1,1,1,1,3,1,2,1,2,16,7,1,49,1,82
27,2,1,1,1,3,5,2,1,4,16,12,1,39,1,38
39,2,1,1,5,2,1,2,1,2,16,7,1,17,1,39
39,1,1,1,1,2,1,2,2,3,16,9,1,26,1,49
41,2,1,1,1,2,8,2,1,3,16,8,1,13,1,40
36,1,1,1,1,2,1,2,1,2,16,7,1,34,1,40
40,2,1,1,1,2,5,4,1,5,16,9,1,27,1,41
40,2,1,1,1,3,4,2,1,4,16,8,1,19,1,32
25,1,1,1,1,2,8,2,1,3,16,8,1,43,1,44
27,2,1,1,1,2,7,2,1,2,16,9,1,41,1,35
28,1,1,1,2,2,7,2,1,4,16,7,1,40,1,55
26,1,1,1,1,2,4,2,1,2,16,12,1,41,1,59
35,2,1,1,1,2,3,2,1,4,16,10,1,22,1,29
25,2,1,1,1,3,3,2,1,4,16,11,1,41,1,46
43,1,1,1,1,3,2,2,4,3,16,17,1,14,1,243
45,2,1,1,1,6,4,6,4,3,16,18,1,13,1,44
49,2,1,1,2,4,0,2,4,2,16,13,1,14,1,46
48,1,1,1,1,2,5,2,1,4,16,11,1,18,1,49
30,2,1,1,1,2,1,2,3,2,16,6,1,37,1,35
28,1,1,1,1,1,7,2,1,2,16,11,1,49,1,47
46,2,1,1,1,2,6,2,1,2,16,7,1,7,1,33
42,1,1,1,1,4,5,2,4,2,16,10,1,20,1,40
63,1,1,1,1,2,7,4,1,4,16,13,3,1,1,32
60,1,1,1,1,5,7,NA,4,4,16,9,3,8,1,33
56,2,1,1,1,2,4,2,2,4,15,9,2,11,1,35
43,2,4,2,1,1,8,1,1,1,15,13,2,22,1,39
55,2,1,1,4,2,6,2,NA,4,15,11,2,11,1,39
57,1,1,1,1,2,6,5,1,4,15,11,2,9,1,51
61,2,2,1,2,8,6,2,4,2,15,9,2,6,1,42
54,2,1,1,1,2,2,2,4,3,14,14,1,14,1,40
44,1,1,1,1,3,6,2,2,5,14,8,1,23,1,45
23,1,1,1,1,2,1,2,1,2,15,12,1,55,1,54
24,1,1,1,1,2,1,2,1,2,14,6,1,46,1,46
34,2,1,1,1,2,1,2,1,2,14,6,1,22,1,31
34,1,1,1,1,2,8,2,1,4,14,18,1,21,1,65
34,2,4,2,1,1,6,1,1,1,14,10,3,33,1,35
41,2,1,1,1,2,8,3,2,3,15,15,1,24,1,44
41,1,1,1,1,6,5,4,1,3,15,12,1,27,1,90
46,1,1,1,1,5,5,2,2,5,15,14,1,19,1,58
44,2,1,1,2,4,1,4,2,3,15,19,1,15,1,52
49,2,4,2,1,2,1,2,1,1,14,15,1,9,1,36
37,2,1,1,1,8,5,2,2,3,15,14,3,20,1,51
52,2,1,1,2,2,6,5,4,3,14,16,2,10,1,48
35,2,1,1,1,1,6,1,1,5,14,7,1,17,1,44
29,1,1,1,1,1,2,1,1,5,14,7,1,40,1,52
35,1,1,1,1,3,1,2,1,2,14,14,1,31,1,74
36,2,1,1,1,1,6,1,1,2,14,7,1,NA,1,36
51,1,2,1,1,2,6,2,2,5,14,13,1,14,1,23
55,2,1,1,1,3,7,3,1,2,15,12,3,10,1,35
48,1,4,1,3,8,6,2,1,3,14,7,1,21,1,35
52,2,1,1,3,8,5,8,2,5,14,9,1,2,1,29
52,1,1,1,1,5,2,2,1,4,14,14,1,14,1,46
56,2,1,1,1,7,2,2,1,2,14,12,1,9,1,39
50,2,4,2,1,2,8,2,4,1,14,11,1,12,1,38
51,1,4,2,1,6,5,5,4,1,14,13,1,15,1,40
48,2,1,1,1,2,2,2,1,2,14,7,1,5,1,35
38,1,1,1,1,2,1,2,1,2,14,9,1,30,2,51
50,1,1,1,4,1,4,1,1,5,14,9,1,17,1,42
48,2,1,1,1,4,2,2,3,2,14,10,1,9,1,33
63,2,1,1,1,2,6,2,2,4,14,9,1,6,1,31
40,2,1,1,1,1,7,1,2,5,14,16,1,18,1,53
48,1,1,1,1,2,6,2,1,5,14,16,1,19,1,77
47,2,1,1,1,2,1,2,1,2,14,10,1,8,1,46
32,1,1,1,1,2,2,2,1,2,14,6,1,36,1,49
41,2,1,1,1,2,2,2,1,2,14,10,1,10,1,36
62,1,1,1,1,2,7,2,3,2,14,9,1,6,1,36
64,2,1,1,1,2,7,5,1,2,14,11,1,1,1,27
63,2,1,1,1,4,2,4,4,2,14,12,3,5,1,29
26,2,1,1,1,2,2,2,1,5,14,10,1,40,1,47
44,2,1,1,1,2,6,2,2,5,14,10,1,22,1,47
30,1,1,1,1,2,1,2,1,2,14,7,1,36,1,88
26,1,1,1,1,1,6,1,3,5,14,13,1,42,1,73
29,2,1,1,1,8,8,8,1,5,14,7,1,29,1,33
51,2,1,1,1,3,8,3,3,4,14,12,3,13,1,42
62,1,1,1,1,2,7,2,2,5,14,13,3,1,NA,32
54,1,1,1,1,2,6,2,4,5,14,10,2,12,1,52
50,2,1,1,1,2,7,2,3,5,14,11,2,16,1,52
52,1,1,1,1,3,5,2,4,4,14,11,3,15,1,47
29,2,4,2,1,2,9,2,1,1,14,8,1,38,1,33
51,1,1,1,1,2,6,2,2,3,14,14,3,12,1,47
45,1,1,1,3,1,8,1,2,4,14,8,1,24,1,37
49,2,1,1,3,1,5,1,2,5,14,8,1,13,1,39
56,2,1,1,1,2,5,5,3,4,14,13,1,5,1,50
54,1,1,1,1,2,7,2,2,5,14,12,1,12,1,47
52,2,4,2,1,4,8,4,1,1,14,17,3,10,1,44
61,1,1,1,1,2,4,6,4,2,14,11,3,4,1,31
40,2,1,1,1,4,9,1,1,3,14,19,3,14,1,55
33,1,1,1,1,4,4,2,1,2,14,20,1,29,1,62
62,2,1,1,1,2,6,2,2,5,14,9,3,6,1,34
60,2,1,1,1,2,6,2,2,5,14,11,3,8,1,36
39,1,1,1,1,8,8,2,1,5,14,11,1,27,1,65
35,2,1,1,1,1,4,1,1,3,14,7,1,16,NA,36
33,1,1,1,1,1,6,1,1,3,14,7,1,32,1,48
41,1,4,2,1,1,1,1,1,1,14,9,1,26,1,40
39,2,4,2,1,1,1,1,1,1,14,7,1,21,1,38
20,1,4,2,3,2,1,2,1,1,14,8,1,48,1,43
22,2,4,2,1,2,2,2,1,1,14,7,1,35,1,36
37,2,1,1,1,1,1,1,1,3,9,8,1,32,1,18
56,1,1,1,1,2,6,2,1,2,9,9,2,12,1,18
45,2,1,1,1,2,1,2,1,2,9,9,1,8,1,17
33,1,1,1,1,2,1,2,1,2,9,7,1,33,NA,43
60,2,1,1,1,8,1,8,2,2,9,10,2,7,1,22
55,1,1,1,1,4,2,4,4,2,9,11,2,10,1,43
41,2,1,1,1,2,1,2,1,2,9,7,2,27,1,35
38,1,1,1,1,2,1,2,1,2,9,7,2,31,2,49
56,1,1,1,1,3,1,4,1,2,9,13,1,7,1,42
59,2,1,1,1,2,1,2,2,2,9,9,1,8,1,34
57,1,1,1,1,2,1,2,1,2,9,13,1,6,1,37
58,2,4,2,1,2,1,2,1,1,9,14,1,5,1,37
23,2,1,1,1,2,8,2,1,2,9,6,1,44,1,25
56,2,1,1,1,3,1,3,1,2,8,9,1,9,NA,39
47,2,1,1,1,2,5,2,1,3,8,15,1,13,1,58
39,2,1,1,1,2,1,2,1,2,8,7,1,7,1,43
20,1,1,1,1,8,8,2,1,2,8,6,1,49,1,36
58,1,1,1,1,2,1,2,1,2,8,11,3,6,1,61
17,2,1,1,1,2,2,2,1,3,8,9,1,6,1,34
34,2,1,1,2,3,7,5,4,5,8,9,1,33,1,45
31,1,1,1,1,1,8,2,1,2,8,7,1,23,NA,38
41,1,1,1,1,2,6,2,1,2,8,13,1,20,1,42
44,2,1,1,1,2,2,2,4,4,8,8,1,16,1,39
45,2,1,1,1,2,1,2,1,2,8,9,1,13,1,32
54,2,1,1,1,2,1,2,1,2,7,9,1,11,NA,39
54,1,1,1,1,2,4,2,1,4,7,13,1,9,1,52
38,2,1,1,1,1,1,1,1,2,8,7,1,20,NA,35
35,1,1,1,1,2,6,2,1,2,8,7,1,33,1,52
42,1,1,1,1,3,2,2,3,3,8,14,1,20,1,73
53,1,1,1,1,2,6,2,1,3,8,11,1,13,1,47
54,2,1,1,1,2,2,2,1,3,8,15,1,7,1,47
28,2,1,1,1,1,7,8,1,2,7,6,3,42,1,38
42,1,1,1,1,2,4,2,1,2,8,11,1,22,1,47
44,2,1,1,1,2,6,2,3,3,8,9,1,17,1,35
60,1,1,1,1,2,7,4,2,3,8,11,2,6,1,17
62,2,1,1,1,2,1,2,1,2,8,11,2,6,1,33
20,1,1,1,7,8,1,2,1,3,8,6,1,48,1,40
35,2,4,1,1,2,4,2,3,1,8,6,1,17,1,32
34,1,1,1,1,2,1,2,1,2,8,9,1,31,1,47
38,2,1,1,1,2,1,2,1,2,8,18,1,20,1,55
51,1,1,1,1,2,2,2,2,3,8,15,2,14,1,39
53,2,1,1,1,2,1,2,1,2,8,10,2,10,1,47
24,1,1,1,1,2,6,2,1,2,8,7,3,44,1,38
47,2,1,1,1,2,6,2,1,2,8,7,1,20,1,39
46,1,1,1,1,1,1,2,1,2,8,7,1,20,1,50
49,2,1,1,1,2,2,2,4,3,8,11,1,16,1,41
64,2,1,1,1,2,2,2,1,3,8,11,3,2,1,25
41,2,1,1,1,2,2,2,1,3,8,7,1,13,1,35
35,2,1,1,1,1,6,1,1,2,7,7,1,28,1,37
57,2,1,1,1,2,4,2,1,4,8,14,2,6,1,47
37,1,1,1,1,2,4,2,1,3,8,12,3,27,1,52
64,1,4,2,1,1,1,1,3,1,1,10,3,3,1,24
65,1,1,1,1,2,6,2,2,3,8,11,3,1,1,40
37,1,1,1,1,2,7,2,1,2,8,7,1,31,1,87
40,2,1,1,1,2,7,2,1,2,8,7,1,16,1,33
65,2,1,1,1,2,2,2,2,2,8,11,3,1,1,10
28,2,1,1,1,2,1,2,1,2,8,7,3,40,1,40
40,2,4,2,1,6,3,4,1,1,7,8,1,16,1,52
34,1,1,1,1,3,2,2,2,3,7,9,1,32,1,57
51,1,1,1,1,3,3,2,4,2,9,10,1,16,1,46
55,2,1,1,1,4,1,2,1,2,9,12,1,15,1,38
47,1,1,1,1,4,1,4,1,2,9,11,3,19,1,47
50,2,1,1,1,8,5,2,2,3,9,11,2,16,1,35
47,1,1,1,1,2,1,2,1,2,9,8,2,21,1,39
45,2,1,1,1,7,5,2,4,3,9,8,1,24,1,38
41,1,1,1,1,2,1,2,1,3,9,7,1,29,1,44
42,1,1,1,1,3,4,2,3,3,9,18,1,26,1,80
33,2,1,1,1,2,2,2,1,3,9,9,1,25,1,35
35,1,1,1,6,2,1,2,1,2,9,7,1,32,1,67
63,2,1,1,1,4,6,4,3,2,9,10,1,2,NA,24
58,2,1,1,1,3,4,2,2,3,9,14,1,9,1,36
20,2,1,1,1,2,7,2,2,2,9,11,2,44,1,47
46,1,1,1,1,2,7,2,3,5,9,12,2,24,1,43
47,1,1,1,1,2,6,2,2,3,6,8,1,21,1,40
45,1,4,2,1,2,6,2,2,3,6,12,1,21,1,39
43,2,1,1,1,2,1,2,1,2,6,13,1,20,1,46
43,2,1,1,1,2,6,2,1,3,5,7,1,13,1,40
31,1,1,1,1,2,1,2,1,2,5,7,1,36,2,23
47,2,1,1,1,2,8,2,1,3,5,8,1,7,1,34
57,2,1,1,1,2,6,2,1,3,6,11,2,8,1,37
50,1,1,1,1,2,6,2,3,3,6,11,2,16,1,39
32,1,1,1,1,2,6,2,1,4,6,11,3,33,1,44
38,2,1,1,1,4,1,2,1,2,6,13,1,24,1,62
37,1,1,1,1,2,2,4,1,2,6,11,1,30,1,102
35,1,1,1,1,2,1,2,1,2,5,9,1,30,1,47
61,1,1,1,1,2,4,3,1,3,6,11,2,10,1,37
58,2,1,1,1,3,7,2,3,3,6,12,2,7,1,40
59,2,1,1,1,2,2,2,2,3,6,14,3,8,1,39
26,2,1,1,1,2,6,2,1,3,6,6,3,41,1,34
27,1,1,1,2,2,1,2,1,2,6,9,1,35,1,52
43,1,1,1,1,2,1,2,1,2,6,8,1,23,1,47
45,2,1,1,1,2,6,2,1,3,6,10,1,10,1,25
39,2,4,2,1,2,7,2,1,1,12,7,3,13,1,35
45,2,1,1,1,4,2,2,4,3,12,14,3,6,1,42
53,2,1,1,1,2,6,2,4,5,12,9,1,15,1,60
52,1,1,1,1,3,7,2,1,5,12,11,1,12,1,50
28,2,1,1,1,2,1,2,1,2,12,7,3,40,1,35
43,2,1,1,1,2,7,4,4,5,12,11,1,22,1,27
39,1,1,1,1,2,8,2,4,4,12,8,1,30,1,45
40,2,1,1,1,2,1,2,1,2,12,7,3,22,1,39
44,2,1,1,1,2,6,2,4,3,12,7,1,16,1,33
40,1,1,1,1,3,2,3,1,2,12,9,1,24,1,41
43,1,1,1,2,4,4,2,4,5,12,14,1,23,1,71
42,2,1,1,1,5,5,3,1,4,12,10,1,14,1,34
47,2,4,2,1,6,5,2,1,1,12,9,1,20,1,45
44,1,4,2,1,2,7,2,4,1,12,8,1,24,1,43
60,1,1,1,1,2,2,4,1,3,12,16,3,7,1,45
40,2,1,1,1,2,1,2,1,2,12,9,1,8,1,36
50,1,1,1,1,2,6,2,3,3,11,13,1,15,1,47
52,2,1,1,1,2,6,2,1,3,11,10,1,13,1,51
54,2,1,1,1,2,6,2,3,3,11,9,1,10,1,31
52,1,4,2,4,2,1,2,1,1,11,7,1,16,1,38
59,1,1,1,1,4,4,4,4,3,11,9,1,8,1,37
40,2,1,1,1,2,6,2,3,3,11,10,1,25,1,40
39,1,1,1,1,2,1,2,4,2,11,7,1,30,NA,35
56,2,1,1,1,2,6,2,4,3,11,14,1,9,1,42
55,1,1,1,1,2,6,2,2,2,11,11,1,10,1,38
63,2,1,1,1,3,6,3,3,4,11,8,2,4,NA,35
61,1,1,1,1,2,8,2,2,3,11,8,2,7,1,35
57,2,1,1,1,6,5,2,1,2,11,15,3,4,1,44
55,1,1,1,1,2,7,3,1,3,11,9,1,13,1,41
58,2,1,1,1,2,6,2,2,3,11,9,1,9,1,35
38,1,1,1,1,2,8,2,1,3,11,7,1,29,1,52
39,2,1,1,1,2,7,2,1,3,11,10,1,28,1,53
48,2,1,1,2,2,1,2,1,2,11,10,3,19,1,37
35,2,1,1,1,3,8,2,4,3,12,7,1,24,1,44
35,1,1,1,1,1,1,1,3,2,12,9,1,33,1,41
25,1,1,1,1,2,2,2,1,2,12,14,1,43,1,48
32,2,1,1,1,1,1,2,3,2,12,7,1,24,1,40
33,1,1,1,1,2,8,2,4,2,12,7,1,36,1,45
38,1,1,1,1,2,1,2,4,2,12,8,1,30,1,39
39,2,1,1,1,2,2,2,1,4,12,8,1,18,1,20
57,1,1,1,1,2,1,4,2,2,12,11,2,9,1,41
29,2,4,2,1,2,4,2,1,1,12,11,1,39,1,47
34,1,1,1,1,1,1,1,2,2,12,7,3,34,1,42
54,2,1,1,1,3,1,2,1,2,12,10,1,15,1,10
50,1,1,1,1,2,6,2,4,4,12,11,1,16,1,39
41,1,1,1,1,2,1,4,1,2,12,11,1,27,1,48
42,2,1,1,1,2,8,2,1,2,12,10,1,16,1,41
51,1,1,1,1,2,2,2,3,3,12,12,1,14,1,55
54,2,1,1,1,2,4,2,3,3,12,10,1,14,1,23
62,1,1,1,1,2,2,4,2,3,11,11,3,4,1,35
23,2,1,1,1,3,4,2,1,3,11,9,1,30,1,43
62,1,1,1,1,2,6,2,1,2,11,13,3,1,1,34
23,1,1,1,1,8,1,8,1,2,11,7,1,44,2,44
35,2,1,1,2,2,1,2,1,2,11,8,1,10,NA,25
20,1,1,1,1,2,1,2,1,2,11,9,1,48,1,67
23,1,1,1,1,2,5,2,1,3,11,12,1,50,1,64
27,2,1,1,1,2,1,2,1,2,11,11,1,29,1,42
39,1,1,1,1,1,7,2,1,3,11,7,1,28,1,65
42,2,1,1,1,1,1,1,1,2,11,7,1,15,1,38
45,1,1,1,2,1,6,1,3,2,11,8,1,24,1,34
47,2,1,1,1,8,4,4,2,4,11,9,1,12,1,59
61,2,2,2,1,3,1,2,2,3,11,10,2,5,NA,32
58,1,1,1,3,3,6,6,3,4,11,9,2,9,1,35
55,1,1,1,1,2,4,1,2,3,11,9,2,12,2,55
57,2,1,1,1,4,5,4,2,4,11,12,2,7,1,33
60,2,1,1,1,2,1,2,1,2,12,11,3,4,1,40
65,2,1,1,1,2,6,2,4,4,12,11,3,3,1,33
38,1,1,1,1,2,6,2,1,4,12,8,1,30,1,37
38,2,1,1,1,2,6,2,1,3,12,7,1,25,1,33
54,2,1,1,1,5,4,3,1,4,12,10,3,7,NA,43
65,1,1,1,1,3,6,2,4,4,12,9,3,2,1,33
32,1,1,1,1,2,6,2,4,4,12,9,1,37,1,38
38,2,1,1,2,2,2,2,4,4,12,8,1,33,1,32
51,1,1,1,1,2,7,2,4,3,12,11,1,16,1,46
51,2,1,1,1,2,5,2,1,3,12,13,1,17,1,40
49,1,1,1,1,2,2,2,2,4,12,14,1,13,1,47
49,2,1,1,1,6,5,2,1,3,12,14,1,16,1,46
58,2,1,1,1,3,7,4,2,4,12,11,2,8,1,35
61,1,1,1,1,4,4,6,3,5,12,9,2,7,1,35
57,1,1,1,1,1,9,2,1,3,12,14,1,4,NA,44
53,2,1,1,1,2,5,2,4,3,12,15,1,9,1,47
31,2,4,2,1,2,1,2,1,1,12,7,3,37,1,32
44,1,1,1,1,2,5,2,4,4,12,10,1,24,1,36
50,2,1,1,1,1,7,1,4,4,12,12,1,10,NA,40
44,1,1,1,1,2,1,2,1,2,12,7,2,26,1,75
63,2,1,1,2,8,2,2,3,4,12,10,2,3,1,33
49,1,1,1,1,2,8,2,4,2,12,8,1,20,1,38
51,2,1,1,1,2,7,2,1,4,12,9,1,11,1,44
49,2,1,1,1,2,2,2,1,2,12,11,3,14,1,43
33,2,4,2,1,2,7,2,1,1,12,12,1,NA,1,26
26,1,1,1,1,1,8,1,1,4,12,12,1,42,NA,40
59,1,1,1,1,2,4,4,4,4,12,14,2,5,1,35
51,2,4,2,1,3,6,2,2,1,12,9,3,8,1,38
49,1,1,1,1,6,5,6,4,4,12,20,1,18,1,76
46,2,1,1,1,2,6,2,3,2,12,25,1,23,1,41
35,1,1,1,1,1,7,1,1,5,12,11,1,34,1,66
46,1,1,1,1,4,1,4,1,2,12,17,1,14,1,42
57,2,1,1,1,3,1,3,1,2,12,13,1,6,1,29
45,2,1,1,1,8,2,8,3,4,12,NA,1,13,1,43
48,2,1,1,8,2,6,4,4,3,12,15,1,11,1,43
48,1,1,1,1,3,1,2,3,3,12,14,1,13,1,52
27,1,1,1,1,2,1,2,1,2,12,10,1,43,1,49
32,1,1,1,1,3,5,2,1,4,12,10,1,33,1,47
36,2,1,1,1,2,1,2,1,2,12,14,1,30,1,47
38,1,1,1,1,2,1,2,1,2,12,13,1,25,1,60
41,2,1,1,1,2,7,2,4,2,12,7,1,19,1,30
59,1,1,1,1,4,1,4,1,3,12,12,3,5,1,40
37,2,1,1,1,2,7,2,1,3,12,10,1,NA,1,59
38,1,1,1,1,2,7,2,1,3,12,13,1,12,1,96
41,2,1,1,1,2,1,2,3,2,12,7,1,27,1,35
34,1,1,1,1,2,1,2,1,2,12,8,1,32,1,54
28,2,1,1,1,2,2,2,1,3,12,8,2,30,1,41
41,2,1,1,1,2,8,2,4,5,12,17,1,15,1,59
41,1,1,1,1,4,4,2,4,5,12,19,1,20,1,73
19,1,1,1,1,2,8,2,1,3,12,7,1,48,1,48
56,2,1,1,1,2,6,2,2,3,12,12,1,10,1,28
54,1,1,1,1,2,8,2,1,3,12,12,1,13,1,42
42,1,4,1,3,2,5,2,2,5,12,10,2,26,NA,47
55,2,4,2,1,2,1,2,3,1,12,14,2,12,1,37
56,2,1,1,2,2,8,2,3,5,12,11,1,10,1,51
52,1,1,1,1,2,6,2,1,3,12,11,1,15,1,43
37,1,4,2,1,3,1,4,4,1,12,15,3,27,1,48
61,2,1,1,3,4,4,4,3,4,12,10,2,5,1,38
